-- phpMyAdmin SQL Dump
-- version 4.6.5.2
-- https://www.phpmyadmin.net/
--
-- Počítač: 127.0.0.1
-- Vytvořeno: Úte 16. led 2018, 06:49
-- Verze serveru: 10.1.21-MariaDB
-- Verze PHP: 7.0.15

SET SQL_MODE = "NO_AUTO_VALUE_ON_ZERO";
SET time_zone = "+00:00";


/*!40101 SET @OLD_CHARACTER_SET_CLIENT=@@CHARACTER_SET_CLIENT */;
/*!40101 SET @OLD_CHARACTER_SET_RESULTS=@@CHARACTER_SET_RESULTS */;
/*!40101 SET @OLD_COLLATION_CONNECTION=@@COLLATION_CONNECTION */;
/*!40101 SET NAMES utf8mb4 */;

--
-- Databáze: `zkusebna_2_0`
--

-- --------------------------------------------------------

--
-- Struktura tabulky `action`
--

CREATE TABLE `action` (
  `id` int(11) NOT NULL,
  `user_id` smallint(6) NOT NULL,
  `description` varchar(200) DEFAULT NULL,
  `created_at` timestamp NOT NULL DEFAULT '0000-00-00 00:00:00',
  `updated_at` timestamp NOT NULL DEFAULT '0000-00-00 00:00:00'
) ENGINE=InnoDB DEFAULT CHARSET=utf8;

-- --------------------------------------------------------

--
-- Struktura tabulky `admin`
--

CREATE TABLE `admin` (
  `id` smallint(6) NOT NULL,
  `password` varchar(40) NOT NULL,
  `hash` varchar(100) DEFAULT NULL
) ENGINE=InnoDB DEFAULT CHARSET=utf8;

--
-- Vypisuji data pro tabulku `admin`
--

INSERT INTO `admin` (`id`, `password`, `hash`) VALUES
(1, '81570f2396a7b25b5539f407708553a2', NULL);

-- --------------------------------------------------------

--
-- Struktura tabulky `category`
--

CREATE TABLE `category` (
  `id` smallint(6) NOT NULL,
  `name` varchar(100) DEFAULT NULL,
  `category_id` smallint(6) DEFAULT NULL
) ENGINE=InnoDB DEFAULT CHARSET=utf8;

--
-- Vypisuji data pro tabulku `category`
--

INSERT INTO `category` (`id`, `name`, `category_id`) VALUES
(1, 'Zkušebna', NULL),
(2, 'Technika', NULL),
(3, 'Nástroje', NULL),
(4, 'Kabely', 2),
(5, 'Mikrofony', 2),
(6, 'Mixy a DI Boxy', 2),
(7, 'Reproduktory', 2),
(8, 'Stojany', 2);

-- --------------------------------------------------------

--
-- Struktura tabulky `discount`
--

CREATE TABLE `discount` (
  `id` smallint(6) NOT NULL,
  `name` varchar(100) NOT NULL,
  `value` float NOT NULL,
  `created_at` timestamp NOT NULL DEFAULT CURRENT_TIMESTAMP ON UPDATE CURRENT_TIMESTAMP,
  `updated_at` timestamp NOT NULL DEFAULT '0000-00-00 00:00:00'
) ENGINE=InnoDB DEFAULT CHARSET=utf8;

--
-- Vypisuji data pro tabulku `discount`
--

INSERT INTO `discount` (`id`, `name`, `value`, `created_at`, `updated_at`) VALUES
(1, 'Křtiny v Kobylisích', 100, '2018-01-16 02:00:11', '0000-00-00 00:00:00'),
(2, 'Akce farnosti', 100, '2018-01-16 02:00:11', '0000-00-00 00:00:00'),
(4, 'Křtiny mimo Kobylisy', 99, '2018-01-16 02:00:11', '0000-00-00 00:00:00'),
(5, 'Pohřeb', 100, '2018-01-16 02:00:11', '0000-00-00 00:00:00'),
(6, 'Akce s účastí farnosti', 99, '2018-01-16 02:00:11', '0000-00-00 00:00:00'),
(7, 'Svatba mimo Kobylisy', 98, '2018-01-16 02:00:11', '0000-00-00 00:00:00'),
(8, 'Svatba v Kobylisích', 99, '2018-01-16 02:00:11', '0000-00-00 00:00:00'),
(9, 'Osobní účel', 97, '2018-01-16 02:00:11', '0000-00-00 00:00:00'),
(10, 'Zkouška na akci s předchozí rezervací', 100, '2018-01-16 02:00:11', '0000-00-00 00:00:00'),
(11, 'Benefiční akce (jen po dohodě)', 100, '2018-01-16 02:00:11', '0000-00-00 00:00:00'),
(12, 'Začínající muzikanti (jen po dohodě)', 99.66, '2018-01-16 02:00:11', '0000-00-00 00:00:00'),
(14, 'Křesťanská akce mimo Kobylisy', 98, '2018-01-16 02:00:11', '0000-00-00 00:00:00'),
(15, 'Tarif správce (jen po dohodě)', 98.3, '2018-01-16 02:00:11', '0000-00-00 00:00:00');

-- --------------------------------------------------------

--
-- Struktura tabulky `image`
--

CREATE TABLE `image` (
  `id` int(11) NOT NULL,
  `main` varchar(150) DEFAULT NULL,
  `thumb` varchar(150) DEFAULT NULL,
  `description` varchar(200) DEFAULT NULL
) ENGINE=InnoDB DEFAULT CHARSET=utf8;

-- --------------------------------------------------------

--
-- Struktura tabulky `item`
--

CREATE TABLE `item` (
  `id` smallint(6) NOT NULL,
  `image_id` int(11) DEFAULT NULL,
  `category_id` smallint(6) NOT NULL,
  `name` varchar(100) NOT NULL,
  `price` int(11) NOT NULL,
  `active` tinyint(1) NOT NULL DEFAULT '1',
  `created_at` timestamp NOT NULL DEFAULT CURRENT_TIMESTAMP ON UPDATE CURRENT_TIMESTAMP,
  `updated_at` timestamp NOT NULL DEFAULT '0000-00-00 00:00:00'
) ENGINE=InnoDB DEFAULT CHARSET=utf8;

--
-- Vypisuji data pro tabulku `item`
--

INSERT INTO `item` (`id`, `image_id`, `category_id`, `name`, `price`, `active`, `created_at`, `updated_at`) VALUES
(1, NULL, 1, 'Zkušebna', 0, 1, '2018-01-13 23:20:13', '0000-00-00 00:00:00'),
(3, NULL, 6, 'Mix velký Soundcraft (EM04)', 10000, 1, '2018-01-13 23:20:13', '0000-00-00 00:00:00'),
(4, NULL, 6, 'Mix malý stříbrný Behringer (EM01)', 2600, 1, '2018-01-13 23:20:13', '0000-00-00 00:00:00'),
(6, NULL, 7, 'Basové kombo (EB01)', 7000, 1, '2018-01-13 23:20:13', '0000-00-00 00:00:00'),
(7, NULL, 7, 'Aktivní bedna APX (EA01)', 5000, 1, '2018-01-13 23:20:13', '0000-00-00 00:00:00'),
(8, NULL, 7, 'Aktivní bedna APX (EA02)', 5000, 1, '2018-01-13 23:20:13', '0000-00-00 00:00:00'),
(10, NULL, 5, 'Mikrofon na zpěv stříbrný (MZ06)', 4800, 1, '2018-01-13 23:20:13', '0000-00-00 00:00:00'),
(11, NULL, 5, 'Mikrofon na zpěv stříbrný (MZ08)', 4800, 1, '2018-01-13 23:20:13', '0000-00-00 00:00:00'),
(12, NULL, 5, 'Mikrofon na zpěv stříbrný (MZ07)', 4800, 1, '2018-01-13 23:20:13', '0000-00-00 00:00:00'),
(13, NULL, 5, 'Mikrofon nástrojový stříbrný (MN03)', 4000, 1, '2018-01-13 23:20:13', '0000-00-00 00:00:00'),
(14, NULL, 5, 'Mikrofon nástrojový stříbrný (MN04)', 4000, 1, '2018-01-13 23:20:13', '0000-00-00 00:00:00'),
(15, NULL, 5, 'Mikrofon nástrojový stříbrný (MN05)', 4000, 1, '2018-01-13 23:20:13', '0000-00-00 00:00:00'),
(17, NULL, 8, 'Stojan na mikrofon ramenový (SM06)', 500, 1, '2018-01-13 23:20:13', '0000-00-00 00:00:00'),
(18, NULL, 8, 'Stojan na mikrofon ramenový (SM07)', 500, 1, '2018-01-13 23:20:13', '0000-00-00 00:00:00'),
(19, NULL, 8, 'Stojan na mikrofon ramenový (SM08)', 500, 1, '2018-01-13 23:20:13', '0000-00-00 00:00:00'),
(20, NULL, 8, 'Stojan na mikrofon ramenový (SM01)', 500, 1, '2018-01-13 23:20:13', '0000-00-00 00:00:00'),
(21, NULL, 8, 'Stojan na mikrofon ramenový (SM02)', 500, 1, '2018-01-13 23:20:13', '0000-00-00 00:00:00'),
(22, NULL, 8, 'Stojan na mikrofon ramenový (SM03)', 500, 1, '2018-01-13 23:20:13', '0000-00-00 00:00:00'),
(23, NULL, 8, 'Stojan na noty dřevěný (SN01)', 200, 1, '2018-01-13 23:20:13', '0000-00-00 00:00:00'),
(24, NULL, 8, 'Stojan na noty dřevěný (SN02)', 200, 1, '2018-01-13 23:20:13', '0000-00-00 00:00:00'),
(25, NULL, 8, 'Stojan na noty skládací(SN04)', 400, 1, '2018-01-13 23:20:13', '0000-00-00 00:00:00'),
(27, NULL, 4, 'Kabel mikrofonový 6m (KM15)', 500, 1, '2018-01-13 23:20:13', '0000-00-00 00:00:00'),
(28, NULL, 4, 'Kabel mikrofonový 4,9m (KM05)', 400, 1, '2018-01-13 23:20:13', '0000-00-00 00:00:00'),
(29, NULL, 4, 'Kabel mikrofonový 5m (KM09)', 400, 1, '2018-01-13 23:20:13', '0000-00-00 00:00:00'),
(30, NULL, 4, 'Kabel mikrofonový 1m (KM02)', 300, 1, '2018-01-13 23:20:13', '0000-00-00 00:00:00'),
(31, NULL, 4, 'Kabel mikrofonový 10m (KM01)', 600, 1, '2018-01-13 23:20:13', '0000-00-00 00:00:00'),
(32, NULL, 4, 'Kabel napájecí  >1,8m (KNp03)', 200, 1, '2018-01-13 23:20:13', '0000-00-00 00:00:00'),
(33, NULL, 4, 'Kabel 220 V (červený) 1p >9,9m (KE06)', 400, 1, '2018-01-13 23:20:13', '0000-00-00 00:00:00'),
(34, NULL, 4, 'Kabel 220 V (šedý-trojlinka) 1p >14,9m (KE07)', 400, 1, '2018-01-13 23:20:13', '0000-00-00 00:00:00'),
(35, NULL, 4, 'Kabel nástrojový (speciál pro klávesy a kytaru) jack TS-xlr F >7m (KNs02)', 300, 1, '2018-01-13 23:20:13', '0000-00-00 00:00:00'),
(36, NULL, 4, 'Kabel \"párák\" (starý) 8+4p >20m (KP01)', 4900, 1, '2018-01-13 23:20:13', '0000-00-00 00:00:00'),
(37, NULL, 4, 'Kabel 220 V (bílý) 1p >10m (KE01)', 300, 1, '2018-01-13 23:20:13', '0000-00-00 00:00:00'),
(38, NULL, 4, 'Kabel 220 V (bílý) 1p >2,3m (KE02)', 200, 1, '2018-01-13 23:20:13', '0000-00-00 00:00:00'),
(39, NULL, 4, 'Kabel 220 V (černý) 1p >8,7m (KE05)', 300, 1, '2018-01-13 23:20:13', '0000-00-00 00:00:00'),
(40, NULL, 4, 'Kabel 220 V (bílý) 3p >1,6m (KE04)', 200, 1, '2018-01-13 23:20:13', '0000-00-00 00:00:00'),
(41, NULL, 4, 'Kabel 220 V (bílý) 1p >7,9m (KE03)', 300, 1, '2018-01-13 23:20:13', '0000-00-00 00:00:00'),
(42, NULL, 3, 'Kontrabas (NKb01)', 17000, 1, '2018-01-13 23:20:13', '0000-00-00 00:00:00'),
(43, NULL, 3, 'Basová kytara (NBk01)', 5000, 1, '2018-01-13 23:20:13', '0000-00-00 00:00:00'),
(44, NULL, 3, 'Kytara (NKy01)', 5000, 1, '2018-01-13 23:20:13', '0000-00-00 00:00:00'),
(45, NULL, 3, 'Cajón (NC01)', 3000, 1, '2018-01-13 23:20:13', '0000-00-00 00:00:00'),
(46, NULL, 3, 'Klávesy Roland (NKl01)', 7000, 1, '2018-01-13 23:20:13', '0000-00-00 00:00:00'),
(50, NULL, 6, 'Mix velký Behringer (EM03)', 7000, 1, '2018-01-13 23:20:13', '0000-00-00 00:00:00'),
(51, NULL, 6, 'Mix malý tmavý Behringer (EM02)', 4000, 1, '2018-01-13 23:20:13', '0000-00-00 00:00:00'),
(52, NULL, 8, 'Stojan na bednu (SB01)', 1500, 1, '2018-01-13 23:20:13', '0000-00-00 00:00:00'),
(53, NULL, 8, 'Stojan na bednu (SB02)', 1500, 1, '2018-01-13 23:20:13', '0000-00-00 00:00:00'),
(54, NULL, 8, 'Stojan na klávesy (SKl01)', 500, 1, '2018-01-13 23:20:13', '0000-00-00 00:00:00'),
(55, NULL, 8, 'Stojan na kytaru (SKy01)', 400, 1, '2018-01-13 23:20:13', '0000-00-00 00:00:00'),
(56, NULL, 8, 'Stojan na mikrofon ramenový (SM04)', 500, 1, '2018-01-13 23:20:13', '0000-00-00 00:00:00'),
(57, NULL, 8, 'Stojan na mikrofon ramenový (SM05)', 500, 1, '2018-01-13 23:20:13', '0000-00-00 00:00:00'),
(58, NULL, 8, 'Stojan na mikrofon rovný (SM09)', 500, 1, '2018-01-13 23:20:13', '0000-00-00 00:00:00'),
(59, NULL, 8, 'Stojan na mikrofon rovný (SM10)', 500, 1, '2018-01-13 23:20:13', '0000-00-00 00:00:00'),
(60, NULL, 8, 'Stojan na noty skládací (SN03)', 400, 1, '2018-01-13 23:20:13', '0000-00-00 00:00:00'),
(61, NULL, 3, 'Bicí (NBi01)', 21000, 1, '2018-01-13 23:20:13', '0000-00-00 00:00:00'),
(62, NULL, 3, 'Klávesy Yamaha (NKl02)', 16000, 1, '2018-01-13 23:20:13', '0000-00-00 00:00:00'),
(63, NULL, 5, 'Mikrofon sborový AKG (MS01)', 4000, 1, '2018-01-13 23:20:13', '0000-00-00 00:00:00'),
(64, NULL, 5, 'Mikrofon na zpěv stříbrný (MZ09)', 4800, 1, '2018-01-13 23:20:13', '0000-00-00 00:00:00'),
(65, NULL, 5, 'Mikrofon na zpěv stříbrný (MZ10)', 4800, 1, '2018-01-13 23:20:13', '0000-00-00 00:00:00'),
(66, NULL, 5, 'Mikrofon na zpěv černý (MZ01)', 2000, 1, '2018-01-13 23:20:13', '0000-00-00 00:00:00'),
(67, NULL, 5, 'Mikrofon na zpěv černý (MZ02)', 2000, 1, '2018-01-13 23:20:13', '0000-00-00 00:00:00'),
(68, NULL, 5, 'Mikrofon na zpěv černý (MZ03)', 2000, 1, '2018-01-13 23:20:13', '0000-00-00 00:00:00'),
(69, NULL, 5, 'Mikrofon na zpěv černý (MZ04)', 2000, 1, '2018-01-13 23:20:13', '0000-00-00 00:00:00'),
(70, NULL, 8, 'Stojan na mikrofon rovný (SM11)', 500, 1, '2018-01-13 23:20:13', '0000-00-00 00:00:00'),
(71, NULL, 8, 'Stojan na mikrofon rovný (SM12)', 500, 1, '2018-01-13 23:20:13', '0000-00-00 00:00:00'),
(72, NULL, 8, 'Stojan na mikrofon rovný (SM13)', 500, 1, '2018-01-13 23:20:13', '0000-00-00 00:00:00'),
(73, NULL, 8, 'Stojan na mikrofon rovný (SM14)', 500, 1, '2018-01-13 23:20:13', '0000-00-00 00:00:00'),
(74, NULL, 5, 'Mikrofon na zpěv černý (MZ05)', 2000, 1, '2018-01-13 23:20:13', '0000-00-00 00:00:00'),
(75, NULL, 5, 'Mikrofon nástrojový Rode (MN01)', 5000, 1, '2018-01-13 23:20:13', '0000-00-00 00:00:00'),
(76, NULL, 7, 'Aktivní bedna (NOVÁ) MA 150 (EA03)', 0, 1, '2018-01-13 23:20:13', '0000-00-00 00:00:00'),
(77, NULL, 7, 'Aktivní bedna (NOVÁ) MA 150 (EA04)', 0, 1, '2018-01-13 23:20:13', '0000-00-00 00:00:00'),
(78, NULL, 5, 'Mikrofon nástrojový Rode (MN02)', 5000, 1, '2018-01-13 23:20:13', '0000-00-00 00:00:00'),
(79, NULL, 4, 'Kabel mikrofonový 4,8m (KM04)', 400, 1, '2018-01-13 23:20:13', '0000-00-00 00:00:00'),
(81, NULL, 4, 'Kabel mikrofonový 1m (KM03)', 300, 1, '2018-01-13 23:20:13', '0000-00-00 00:00:00'),
(82, NULL, 4, 'Kabel mikrofonový 4,9m (KM06)', 400, 1, '2018-01-13 23:20:13', '0000-00-00 00:00:00'),
(83, NULL, 4, 'Kabel mikrofonový 4,9m (KM07)', 400, 1, '2018-01-13 23:20:13', '0000-00-00 00:00:00'),
(84, NULL, 4, 'Kabel mikrofonový 4,9m (KM08)', 400, 1, '2018-01-13 23:20:13', '0000-00-00 00:00:00'),
(85, NULL, 4, 'Kabel mikrofonový 5m (KM10)', 400, 1, '2018-01-13 23:20:13', '0000-00-00 00:00:00'),
(86, NULL, 4, 'Kabel mikrofonový 5m (KM11)', 400, 1, '2018-01-13 23:20:13', '0000-00-00 00:00:00'),
(87, NULL, 4, 'Kabel mikrofonový 5m (KM12)', 400, 1, '2018-01-13 23:20:13', '0000-00-00 00:00:00'),
(88, NULL, 4, 'Kabel mikrofonový 5m (KM13)', 400, 1, '2018-01-13 23:20:13', '0000-00-00 00:00:00'),
(89, NULL, 4, 'Kabel mikrofonový 5m (KM14)', 400, 1, '2018-01-13 23:20:13', '0000-00-00 00:00:00'),
(90, NULL, 4, 'Kabel mikrofonový 6m (KM16)', 500, 1, '2018-01-13 23:20:13', '0000-00-00 00:00:00'),
(91, NULL, 4, 'Kabel mikrofonový 6m (KM17)', 500, 1, '2018-01-13 23:20:13', '0000-00-00 00:00:00'),
(92, NULL, 4, 'Kabel mikrofonový 6m (KM18)', 500, 1, '2018-01-13 23:20:13', '0000-00-00 00:00:00'),
(93, NULL, 4, 'Kabel mikrofonový 6m (KM19)', 500, 1, '2018-01-13 23:20:13', '0000-00-00 00:00:00'),
(94, NULL, 4, 'Kabel nástrojový jack TS-jack TS >2m (KNs09)', 300, 0, '2018-01-13 23:20:13', '0000-00-00 00:00:00'),
(95, NULL, 4, 'Kabel nástrojový jack TS-jack TS >3m (KNs07)', 300, 1, '2018-01-13 23:20:13', '0000-00-00 00:00:00'),
(96, NULL, 4, 'Kabel nástrojový (speciál pro klávesy a kytaru) jack TS-xlr M >0,8m (KNs03)', 200, 1, '2018-01-13 23:20:13', '0000-00-00 00:00:00'),
(97, NULL, 4, 'Kabel nástrojový jack TRS-xlr F >2,9m (KNs06)', 300, 1, '2018-01-13 23:20:13', '0000-00-00 00:00:00'),
(98, NULL, 4, 'Kabel nástrojový (speciál pro klávesy a kytaru) jack TS-xlr F >6,7m (KNs01)', 300, 1, '2018-01-13 23:20:13', '0000-00-00 00:00:00'),
(99, NULL, 4, 'Kabel nástrojový 2x jack TS-xlr M >0,9m (KNs04)', 300, 1, '2018-01-13 23:20:13', '0000-00-00 00:00:00'),
(100, NULL, 4, 'Kabel nástrojový cinch stereo-xlr F >1m (KNs05)', 300, 1, '2018-01-13 23:20:13', '0000-00-00 00:00:00'),
(101, NULL, 4, 'Kabel napájecí  >1,8m (KNp04)', 200, 1, '2018-01-13 23:20:13', '0000-00-00 00:00:00'),
(102, NULL, 4, 'Kabel napájecí  >4,1m (KNp07)', 200, 1, '2018-01-13 23:20:13', '0000-00-00 00:00:00'),
(103, NULL, 4, 'Kabel napájecí  >1,5m (KNp01)', 200, 1, '2018-01-13 23:20:13', '0000-00-00 00:00:00'),
(104, NULL, 4, 'Kabel napájecí  >1,7m (KNp02)', 200, 1, '2018-01-13 23:20:13', '0000-00-00 00:00:00'),
(105, NULL, 4, 'Kabel napájecí  >1,9m (KNp05)', 200, 1, '2018-01-13 23:20:13', '0000-00-00 00:00:00'),
(106, NULL, 4, 'Kabel napájecí  >2,5m (KNp06)', 200, 1, '2018-01-13 23:20:13', '0000-00-00 00:00:00'),
(107, NULL, 4, 'Kabel napájecí (šedý) >1,8m (KNp09)', 200, 1, '2018-01-13 23:20:13', '0000-00-00 00:00:00'),
(108, NULL, 4, 'Kabel napájecí (šedý) >1,5m (KNp08)', 200, 1, '2018-01-13 23:20:13', '0000-00-00 00:00:00'),
(109, NULL, 4, 'Kabel \"párák\" Proel 8+4p >xxm (KP03)', 4900, 1, '2018-01-13 23:20:13', '0000-00-00 00:00:00'),
(110, NULL, 4, 'Kabel \"párák\" Proel 12+4p >25m (KP02)', 5500, 1, '2018-01-13 23:20:13', '0000-00-00 00:00:00'),
(112, NULL, 6, 'DI Box BSS zelený (ED03)', 4000, 1, '2018-01-13 23:20:13', '0000-00-00 00:00:00'),
(113, NULL, 6, 'DI Box ART černý (ED01)', 1000, 1, '2018-01-13 23:20:13', '0000-00-00 00:00:00'),
(114, NULL, 6, 'DI Box ART černý (ED02)', 1000, 1, '2018-01-13 23:20:13', '0000-00-00 00:00:00'),
(116, NULL, 5, 'Mikrofon nástrojový Shure 10A (MN06)', 3000, 1, '2018-01-13 23:20:13', '0000-00-00 00:00:00'),
(117, NULL, 4, 'Kabel nástrojový jack TRS-xlr F >2,9m (KNs08)', 300, 1, '2018-01-13 23:20:13', '0000-00-00 00:00:00');

-- --------------------------------------------------------

--
-- Struktura tabulky `reservation`
--

CREATE TABLE `reservation` (
  `id` int(11) NOT NULL,
  `discount_id` smallint(6) DEFAULT NULL,
  `user_id` smallint(6) DEFAULT NULL,
  `approved` tinyint(1) NOT NULL DEFAULT '0',
  `archived` tinyint(1) NOT NULL DEFAULT '0',
  `since` timestamp NOT NULL DEFAULT CURRENT_TIMESTAMP ON UPDATE CURRENT_TIMESTAMP,
  `until` timestamp NOT NULL DEFAULT '0000-00-00 00:00:00',
  `price` int(11) DEFAULT NULL,
  `name` varchar(100) NOT NULL,
  `repeated` smallint(6) DEFAULT NULL,
  `created_at` timestamp NOT NULL DEFAULT '0000-00-00 00:00:00',
  `updated_at` timestamp NOT NULL DEFAULT '0000-00-00 00:00:00'
) ENGINE=InnoDB DEFAULT CHARSET=utf8;

--
-- Vypisuji data pro tabulku `reservation`
--

INSERT INTO `reservation` (`id`, `discount_id`, `user_id`, `approved`, `archived`, `since`, `until`, `price`, `name`, `repeated`, `created_at`, `updated_at`) VALUES
(59, 2, 4, 1, 0, '2016-09-15 17:30:00', '2016-09-15 20:00:00', 0, 'Zkouška Poločasu', NULL, '0000-00-00 00:00:00', '0000-00-00 00:00:00'),
(60, 2, 4, 1, 0, '2016-10-13 18:00:00', '2016-10-13 20:00:00', 0, 'Zkouška Pločasu', NULL, '0000-00-00 00:00:00', '0000-00-00 00:00:00'),
(61, 2, 4, 1, 0, '2016-11-03 19:00:00', '2016-11-03 21:00:00', 0, 'Zkouška Poločasu', NULL, '0000-00-00 00:00:00', '0000-00-00 00:00:00'),
(62, 2, 4, 1, 0, '2016-12-08 19:00:00', '2016-12-08 21:00:00', 0, 'Zkouška Poločasu', NULL, '0000-00-00 00:00:00', '0000-00-00 00:00:00'),
(63, 2, 4, 1, 0, '2017-01-19 19:00:00', '2017-01-19 21:00:00', 0, 'Zkouška Poločasu', NULL, '0000-00-00 00:00:00', '0000-00-00 00:00:00'),
(64, 2, 4, 1, 0, '2016-12-24 14:00:00', '2016-12-24 16:30:00', 0, 'Hraní na čtvrté', NULL, '0000-00-00 00:00:00', '0000-00-00 00:00:00'),
(65, 2, 4, 1, 0, '2016-12-26 07:00:00', '2016-12-26 09:30:00', 0, 'Hraní na deváté', NULL, '0000-00-00 00:00:00', '0000-00-00 00:00:00'),
(69, 8, 21, 1, 1, '2016-09-17 07:00:00', '2016-09-17 15:00:00', 1065, 'Svatba B. Jakubcové', NULL, '0000-00-00 00:00:00', '0000-00-00 00:00:00'),
(71, 8, 22, 1, 1, '2016-09-10 07:00:00', '2016-09-10 10:00:00', 379, 'Svatba M. Štarmanové', NULL, '0000-00-00 00:00:00', '0000-00-00 00:00:00'),
(74, 8, 23, 1, 0, '2016-09-14 14:00:00', '2016-09-14 20:00:00', 0, 'Zkouška na svatbu', NULL, '0000-00-00 00:00:00', '0000-00-00 00:00:00'),
(83, 6, 30, 1, 1, '2016-10-19 14:00:00', '2016-10-19 15:30:00', 518, 'Výročí školky Na Přesypu', NULL, '0000-00-00 00:00:00', '0000-00-00 00:00:00'),
(84, 7, 31, 1, 1, '2016-10-17 16:24:00', '2016-10-17 18:00:00', 620, 'Svatba 15.10.: Hraje TSM', NULL, '0000-00-00 00:00:00', '0000-00-00 00:00:00'),
(85, 2, 24, 1, 0, '2016-12-04 18:30:00', '2016-12-04 21:00:00', 0, 'Zkouška Kairosu', NULL, '0000-00-00 00:00:00', '0000-00-00 00:00:00'),
(99, 7, 35, 1, 1, '2016-11-14 14:58:00', '2016-11-14 16:00:00', 550, 'Svatba 5.11.', NULL, '0000-00-00 00:00:00', '0000-00-00 00:00:00'),
(100, 2, 36, 1, 0, '2016-11-14 17:00:00', '2016-11-14 18:00:00', 0, 'Akce J. Kabelky', NULL, '0000-00-00 00:00:00', '0000-00-00 00:00:00'),
(101, 2, 4, 1, 0, '2016-11-27 20:00:00', '2016-11-30 22:00:00', 0, 'Oprava', NULL, '0000-00-00 00:00:00', '0000-00-00 00:00:00'),
(102, 11, 38, 1, 0, '2016-12-11 09:15:00', '2016-12-12 18:00:00', 0, 'Benefiční koncert', NULL, '0000-00-00 00:00:00', '0000-00-00 00:00:00'),
(103, 2, 4, 1, 0, '2016-12-03 18:30:00', '2016-12-03 21:00:00', 0, 'Zkouška na nedělní devátou', NULL, '0000-00-00 00:00:00', '0000-00-00 00:00:00'),
(104, 2, 4, 1, 0, '2016-12-10 18:30:00', '2016-12-10 21:00:00', 0, 'Zkouška na nedělní devátou', NULL, '0000-00-00 00:00:00', '0000-00-00 00:00:00'),
(105, 2, 4, 1, 0, '2016-12-17 18:30:00', '2016-12-17 21:00:00', 0, 'Zkouška na nedělní devátou', NULL, '0000-00-00 00:00:00', '0000-00-00 00:00:00'),
(106, 2, 4, 1, 0, '2016-12-24 18:30:00', '2016-12-24 21:00:00', 0, 'Zkouška na nedělní devátou', NULL, '0000-00-00 00:00:00', '0000-00-00 00:00:00'),
(107, 2, 4, 1, 0, '2016-12-31 18:30:00', '2016-12-31 21:00:00', 0, 'Zkouška na nedělní devátou', NULL, '0000-00-00 00:00:00', '0000-00-00 00:00:00'),
(108, 2, 4, 1, 0, '2016-12-04 07:00:00', '2016-12-04 09:30:00', 0, 'Hraní na deváté', NULL, '0000-00-00 00:00:00', '0000-00-00 00:00:00'),
(109, 2, 4, 1, 0, '2016-12-11 07:00:00', '2016-12-11 09:30:00', 0, 'Hraní na deváté', NULL, '0000-00-00 00:00:00', '0000-00-00 00:00:00'),
(110, 2, 4, 1, 0, '2016-12-18 07:00:00', '2016-12-18 09:30:00', 0, 'Hraní na deváté', NULL, '0000-00-00 00:00:00', '0000-00-00 00:00:00'),
(111, 2, 4, 1, 0, '2016-12-25 07:00:00', '2016-12-25 09:30:00', 0, 'Hraní na deváté', NULL, '0000-00-00 00:00:00', '0000-00-00 00:00:00'),
(112, 2, 4, 1, 0, '2017-01-01 07:00:00', '2017-01-01 09:30:00', 0, 'Hraní na deváté', NULL, '0000-00-00 00:00:00', '0000-00-00 00:00:00'),
(113, 2, 39, 1, 0, '2016-11-29 18:15:00', '2016-11-29 21:00:00', 0, 'Zkouška na chvály', NULL, '0000-00-00 00:00:00', '0000-00-00 00:00:00'),
(117, 6, 40, 1, 1, '2016-12-05 00:00:00', '2016-12-05 01:00:00', 416, 'GodZone Dejvice 15.9.2016', NULL, '0000-00-00 00:00:00', '0000-00-00 00:00:00'),
(118, 6, 40, 1, 1, '2016-12-05 02:00:00', '2016-12-05 03:00:00', 816, 'Chvály Dejvice 22.9.2016', NULL, '0000-00-00 00:00:00', '0000-00-00 00:00:00'),
(119, 6, 40, 1, 1, '2016-12-05 04:00:00', '2016-12-05 05:00:00', 447, 'Chvály Dejvice 1.12.2016', NULL, '0000-00-00 00:00:00', '0000-00-00 00:00:00'),
(121, 9, 41, 1, 0, '2016-12-09 18:30:00', '2016-12-09 20:00:00', 0, 'Zkouška Dýmu', NULL, '0000-00-00 00:00:00', '0000-00-00 00:00:00'),
(122, 2, 42, 1, 0, '2016-12-06 10:00:00', '2016-12-08 19:00:00', 0, 'oprava kabelů', NULL, '0000-00-00 00:00:00', '0000-00-00 00:00:00'),
(123, 1, 43, 1, 0, '2016-12-10 13:00:00', '2016-12-10 15:00:00', 0, 'Křtiny - Křehnáčovi ', NULL, '0000-00-00 00:00:00', '0000-00-00 00:00:00'),
(124, 2, 43, 1, 0, '2016-12-15 18:30:00', '2016-12-15 21:00:00', 0, 'Zkouška na Štědrý den - Tsm', NULL, '0000-00-00 00:00:00', '0000-00-00 00:00:00'),
(125, 2, 43, 1, 0, '2016-12-22 16:00:00', '2016-12-22 21:00:00', 0, 'Zkouška na Štědrý den - Tsm', NULL, '0000-00-00 00:00:00', '0000-00-00 00:00:00'),
(126, 2, 44, 1, 0, '2016-12-15 18:30:00', '2016-12-15 21:00:00', 0, 'Zkouška na Štědrý den - Tsm', NULL, '0000-00-00 00:00:00', '0000-00-00 00:00:00'),
(127, 10, 45, 1, 0, '2016-12-19 18:00:00', '2016-12-19 20:00:00', 0, 'Mše sv. 20/12/2016', NULL, '0000-00-00 00:00:00', '0000-00-00 00:00:00'),
(128, 11, 30, 1, 0, '2016-12-21 17:30:00', '2016-12-21 20:00:00', 0, 'Nahrávání - nic nikam nosit nebudu, jen ', NULL, '0000-00-00 00:00:00', '0000-00-00 00:00:00'),
(129, 2, 4, 1, 0, '2017-01-07 18:30:00', '2017-01-07 21:00:00', 0, 'Zkouška na nedělní devátou', NULL, '0000-00-00 00:00:00', '0000-00-00 00:00:00'),
(130, 2, 4, 1, 0, '2017-01-14 18:30:00', '2017-01-14 21:00:00', 0, 'Zkouška na nedělní devátou', NULL, '0000-00-00 00:00:00', '0000-00-00 00:00:00'),
(131, 2, 4, 1, 0, '2017-01-21 18:30:00', '2017-01-21 21:00:00', 0, 'Zkouška na nedělní devátou', NULL, '0000-00-00 00:00:00', '0000-00-00 00:00:00'),
(132, 2, 4, 1, 0, '2017-01-28 18:30:00', '2017-01-28 21:00:00', 0, 'Zkouška na nedělní devátou', NULL, '0000-00-00 00:00:00', '0000-00-00 00:00:00'),
(133, 2, 4, 1, 0, '2017-02-04 18:30:00', '2017-02-04 21:00:00', 0, 'Zkouška na nedělní devátou', NULL, '0000-00-00 00:00:00', '0000-00-00 00:00:00'),
(134, 2, 4, 1, 0, '2017-02-11 18:30:00', '2017-02-11 21:00:00', 0, 'Zkouška na nedělní devátou', NULL, '0000-00-00 00:00:00', '0000-00-00 00:00:00'),
(135, 2, 4, 1, 0, '2017-01-08 07:00:00', '2017-01-08 09:00:00', 0, 'Hraní na deváté', NULL, '0000-00-00 00:00:00', '0000-00-00 00:00:00'),
(136, 2, 4, 1, 0, '2017-01-15 07:00:00', '2017-01-15 09:00:00', 0, 'Hraní na deváté', NULL, '0000-00-00 00:00:00', '0000-00-00 00:00:00'),
(137, 2, 4, 1, 0, '2017-01-22 07:00:00', '2017-01-22 09:00:00', 0, 'Hraní na deváté', NULL, '0000-00-00 00:00:00', '0000-00-00 00:00:00'),
(138, 2, 4, 1, 0, '2017-01-29 07:00:00', '2017-01-29 09:00:00', 0, 'Hraní na deváté', NULL, '0000-00-00 00:00:00', '0000-00-00 00:00:00'),
(139, 2, 4, 1, 0, '2017-02-05 07:00:00', '2017-02-05 09:00:00', 0, 'Hraní na deváté', NULL, '0000-00-00 00:00:00', '0000-00-00 00:00:00'),
(140, 2, 4, 1, 0, '2017-02-12 07:00:00', '2017-02-12 09:00:00', 0, 'Hraní na deváté', NULL, '0000-00-00 00:00:00', '0000-00-00 00:00:00'),
(141, 2, 4, 1, 0, '2017-01-20 19:00:00', '2017-01-20 21:00:00', 0, 'Zkouška Pločasu', NULL, '0000-00-00 00:00:00', '0000-00-00 00:00:00'),
(142, 1, 46, 1, 0, '2017-01-21 12:00:00', '2017-01-21 14:00:00', 0, 'Křtiny - Funfálkovi', NULL, '0000-00-00 00:00:00', '0000-00-00 00:00:00'),
(143, 10, 45, 1, 0, '2017-01-18 18:30:00', '2017-01-18 20:00:00', 0, 'Zkouška na mši 24.1.', NULL, '0000-00-00 00:00:00', '0000-00-00 00:00:00'),
(144, 11, 47, 1, 0, '2017-02-07 15:00:00', '2017-02-08 15:00:00', 0, 'Oslava v Elektroline', NULL, '0000-00-00 00:00:00', '0000-00-00 00:00:00'),
(145, 11, 48, 1, 0, '2017-01-19 16:00:00', '2017-01-19 21:00:00', 0, 'Chvály na Smíchově', NULL, '0000-00-00 00:00:00', '0000-00-00 00:00:00'),
(146, 1, 49, 1, 0, '2017-02-10 18:00:00', '2017-02-11 10:00:00', 0, 'Křtiny - František Musil', NULL, '0000-00-00 00:00:00', '0000-00-00 00:00:00'),
(149, 6, 31, 1, 0, '2017-03-26 15:00:00', '2017-03-26 18:00:00', 0, 'Zkouška na Světový den mládeže', NULL, '0000-00-00 00:00:00', '0000-00-00 00:00:00'),
(150, 6, 31, 1, 0, '2017-04-03 16:00:00', '2017-04-03 18:00:00', 0, 'Zkouška na Světový den mládeže', NULL, '0000-00-00 00:00:00', '0000-00-00 00:00:00'),
(151, 6, 31, 1, 0, '2017-03-30 16:00:00', '2017-03-30 18:00:00', 0, 'Zkouška na Světový den mládeže', NULL, '0000-00-00 00:00:00', '0000-00-00 00:00:00'),
(152, 6, 31, 1, 0, '2017-04-05 16:00:00', '2017-04-05 18:00:00', 0, 'Zkouška na Světový den mládeže', NULL, '0000-00-00 00:00:00', '0000-00-00 00:00:00'),
(153, 6, 31, 1, 0, '2017-03-27 16:00:00', '2017-03-27 19:00:00', 0, 'Zkouska na SDM', NULL, '0000-00-00 00:00:00', '0000-00-00 00:00:00'),
(154, 2, 24, 1, 0, '2017-04-09 17:30:00', '2017-04-09 20:00:00', 0, 'zkouška Kairos', NULL, '0000-00-00 00:00:00', '0000-00-00 00:00:00'),
(155, 6, 42, 1, 1, '2017-04-02 13:00:00', '2017-04-02 14:00:00', 373, 'CHVÁLY DEJVICE 2. 3. 2017', NULL, '0000-00-00 00:00:00', '0000-00-00 00:00:00'),
(156, 10, 51, 1, 0, '2017-04-03 15:30:00', '2017-04-03 20:00:00', 0, 'Zkouška na SDM kapela', NULL, '0000-00-00 00:00:00', '0000-00-00 00:00:00'),
(158, 2, 4, 1, 0, '2017-04-12 18:00:00', '2017-04-12 20:00:00', 0, 'Zkouška Poločasu', NULL, '0000-00-00 00:00:00', '0000-00-00 00:00:00'),
(159, 2, 4, 1, 0, '2017-04-15 13:00:00', '2017-04-15 15:00:00', 0, 'Zkouška Poločasu', NULL, '0000-00-00 00:00:00', '0000-00-00 00:00:00'),
(160, 2, 24, 1, 0, '2017-04-14 11:00:00', '2017-04-14 13:00:00', 0, 'Zkouška Kairosu', NULL, '0000-00-00 00:00:00', '0000-00-00 00:00:00'),
(161, 2, 24, 1, 0, '2017-04-14 13:00:00', '2017-04-14 15:00:00', 0, 'Hraní na Velký pátek', NULL, '0000-00-00 00:00:00', '0000-00-00 00:00:00'),
(162, 2, 4, 1, 0, '2017-04-16 06:00:00', '2017-04-16 08:30:00', 0, 'Hraní na deváté (Poločas)', NULL, '0000-00-00 00:00:00', '0000-00-00 00:00:00'),
(163, 2, 4, 1, 0, '2017-05-18 18:00:00', '2017-05-18 20:00:00', 0, 'Zkouška Poločasu', NULL, '0000-00-00 00:00:00', '0000-00-00 00:00:00'),
(164, 2, 4, 1, 0, '2017-05-25 18:00:00', '2017-05-25 20:00:00', 0, 'Zkouška Poločasu', NULL, '0000-00-00 00:00:00', '0000-00-00 00:00:00'),
(165, 2, 4, 1, 0, '2017-05-27 13:00:00', '2017-05-27 15:30:00', 0, 'Hraní na Dni Salesiánského centra', NULL, '0000-00-00 00:00:00', '0000-00-00 00:00:00'),
(166, 2, 4, 1, 0, '2017-06-22 18:00:00', '2017-06-22 20:00:00', 0, 'Zkouška Poločasu', NULL, '0000-00-00 00:00:00', '0000-00-00 00:00:00'),
(167, 2, 4, 1, 0, '2017-06-24 18:00:00', '2017-06-24 20:00:00', 0, 'Zkouška Poločasu', NULL, '0000-00-00 00:00:00', '0000-00-00 00:00:00'),
(168, 2, 4, 1, 0, '2017-06-25 06:00:00', '2017-06-25 08:30:00', 0, 'Hraní na deváté (Poločas)', NULL, '0000-00-00 00:00:00', '0000-00-00 00:00:00'),
(169, 11, 53, 1, 0, '2017-04-07 11:00:00', '2017-04-10 05:00:00', 0, 'nahrávání rozhovoru', NULL, '0000-00-00 00:00:00', '0000-00-00 00:00:00'),
(170, 6, 31, 1, 1, '2017-04-07 06:00:00', '2017-04-09 06:00:00', 160, 'zpívání na mši na SDM ', NULL, '0000-00-00 00:00:00', '0000-00-00 00:00:00'),
(171, 6, 54, 1, 1, '2017-04-07 13:55:00', '2017-04-08 19:00:00', 634, 'SDM (Arcidiecézní setkání mládeže ) ', NULL, '0000-00-00 00:00:00', '0000-00-00 00:00:00'),
(175, 10, 56, 1, 0, '2017-06-03 17:00:00', '2017-06-03 20:00:00', 0, 'Zkouška na Biřmo (Tsm) ', NULL, '0000-00-00 00:00:00', '0000-00-00 00:00:00'),
(176, 2, 56, 1, 0, '2017-06-04 08:30:00', '2017-06-04 10:00:00', 0, 'Hraní na Biřmu ', NULL, '0000-00-00 00:00:00', '0000-00-00 00:00:00'),
(177, 7, 42, 1, 1, '2017-04-28 14:00:00', '2017-04-30 16:00:00', 562, 'svatba Luže', NULL, '0000-00-00 00:00:00', '0000-00-00 00:00:00'),
(178, 11, 4, 1, 0, '2017-04-28 14:00:00', '2017-04-30 16:00:00', 0, 'Svatba Luže', NULL, '0000-00-00 00:00:00', '0000-00-00 00:00:00'),
(179, 10, 56, 1, 0, '2017-05-04 17:30:00', '2017-05-04 19:00:00', 0, 'ZKOUŠKA - RUNWAY CAMP', NULL, '0000-00-00 00:00:00', '0000-00-00 00:00:00'),
(180, 2, 56, 1, 0, '2017-05-13 17:00:00', '2017-05-13 20:00:00', 0, 'ZKOUŠKA - TSM', NULL, '0000-00-00 00:00:00', '0000-00-00 00:00:00'),
(181, 7, 57, 1, 1, '2017-05-06 13:00:00', '2017-05-06 21:00:00', 320, 'Svatba J+E', NULL, '0000-00-00 00:00:00', '0000-00-00 00:00:00'),
(182, 2, 4, 1, 0, '2017-05-27 11:00:00', '2017-05-27 13:00:00', 0, 'Zkouška a příprava na DSC', NULL, '0000-00-00 00:00:00', '0000-00-00 00:00:00'),
(184, 9, 41, 1, 0, '2017-06-01 17:00:00', '2017-06-01 21:00:00', 0, 'Zkouška farní skupiny Dým', NULL, '0000-00-00 00:00:00', '0000-00-00 00:00:00'),
(185, 9, 41, 1, 0, '2017-06-08 17:00:00', '2017-06-08 21:00:00', 0, 'Zkouška #2 farní skupiny Dým', NULL, '0000-00-00 00:00:00', '0000-00-00 00:00:00'),
(186, 10, 45, 1, 0, '2017-05-29 17:30:00', '2017-05-29 19:00:00', 0, 'Tkouška kapely na mši 30.5.', NULL, '0000-00-00 00:00:00', '0000-00-00 00:00:00'),
(187, 8, 31, 1, 0, '2017-05-31 17:15:00', '2017-05-31 20:00:00', 0, 'Zkouška na svatbu', NULL, '0000-00-00 00:00:00', '0000-00-00 00:00:00'),
(188, 14, 58, 1, 1, '2017-06-08 17:00:00', '2017-06-10 10:00:00', 242, 'Noc Kostelů ve Vlašimi', NULL, '0000-00-00 00:00:00', '0000-00-00 00:00:00'),
(189, 9, 59, 1, 1, '2017-06-16 13:00:00', '2017-06-17 10:00:00', 861, 'Oslava narozenin farníků Pavla Vlasateho', NULL, '0000-00-00 00:00:00', '0000-00-00 00:00:00'),
(190, 9, 41, 1, 0, '2017-06-15 18:00:00', '2017-06-15 21:00:00', 0, 'Zkouška farní kapely Dým', NULL, '0000-00-00 00:00:00', '0000-00-00 00:00:00'),
(191, 14, 42, 1, 1, '2017-06-15 15:00:00', '2017-06-15 21:00:00', 416, 'Chvaly Dejvice', NULL, '0000-00-00 00:00:00', '0000-00-00 00:00:00'),
(196, 6, 42, 1, 1, '2017-06-17 19:00:00', '2017-06-17 20:00:00', 799, 'SKAM', NULL, '0000-00-00 00:00:00', '0000-00-00 00:00:00'),
(197, 9, 61, 1, 1, '2017-07-23 14:00:00', '2017-07-23 18:00:00', 228, 'Zápůjčka techniky', NULL, '0000-00-00 00:00:00', '0000-00-00 00:00:00'),
(198, 7, 41, 1, 1, '2017-08-06 06:00:00', '2017-08-08 16:00:00', 884, 'Svatba Anety Novotné', NULL, '0000-00-00 00:00:00', '0000-00-00 00:00:00'),
(199, 10, 62, 1, 0, '2017-07-19 17:30:00', '2017-07-19 20:00:00', 0, 'zkouška na runway camp', NULL, '0000-00-00 00:00:00', '0000-00-00 00:00:00'),
(200, 10, 62, 1, 0, '2017-07-20 17:30:00', '2017-07-20 20:00:00', 0, 'zkouška na runway camp', NULL, '0000-00-00 00:00:00', '0000-00-00 00:00:00'),
(201, 10, 62, 1, 0, '2017-07-24 17:30:00', '2017-07-24 20:00:00', 0, 'zkouška na runway camp', NULL, '0000-00-00 00:00:00', '0000-00-00 00:00:00'),
(202, 6, 56, 1, 1, '2017-07-27 17:00:00', '2017-08-05 18:00:00', 743, 'RUNWAY CAMP', NULL, '0000-00-00 00:00:00', '0000-00-00 00:00:00'),
(203, 11, 4, 1, 0, '2017-07-27 17:00:00', '2017-08-05 18:00:00', 0, 'Runway camp', NULL, '0000-00-00 00:00:00', '0000-00-00 00:00:00'),
(204, 9, 41, 1, 0, '2017-07-25 18:00:00', '2017-07-25 21:00:00', 0, 'Zkouška Dymu', NULL, '0000-00-00 00:00:00', '0000-00-00 00:00:00'),
(205, 9, 41, 1, 0, '2017-08-02 17:00:00', '2017-08-02 21:00:00', 0, 'Zkouška Dymu', NULL, '0000-00-00 00:00:00', '0000-00-00 00:00:00'),
(206, 14, 63, 1, 1, '2017-08-14 22:24:00', '2017-08-19 22:24:00', 372, 'CSM OLOMOUC', NULL, '0000-00-00 00:00:00', '0000-00-00 00:00:00'),
(207, 9, 51, 1, 0, '2017-08-27 13:00:00', '2017-08-27 18:00:00', 0, 'Zkouška kapely', NULL, '0000-00-00 00:00:00', '0000-00-00 00:00:00'),
(208, 9, 51, 1, 0, '2017-09-03 13:00:00', '2017-09-03 18:00:00', 0, 'Zkouška kapely', NULL, '0000-00-00 00:00:00', '0000-00-00 00:00:00'),
(210, 2, 64, 1, 0, '2017-09-09 17:30:00', '2017-09-09 20:00:00', 0, 'Kairos zkouška na neděli 10.9.', NULL, '0000-00-00 00:00:00', '0000-00-00 00:00:00'),
(211, 9, 30, 1, 0, '2017-09-05 15:00:00', '2017-09-05 20:00:00', 0, 'Zkouška kapely', NULL, '0000-00-00 00:00:00', '0000-00-00 00:00:00'),
(212, 7, 65, 1, 1, '2017-09-09 05:00:00', '2017-09-10 21:59:00', 678, 'Svatba Počernice - předběžná rezervace z', NULL, '0000-00-00 00:00:00', '0000-00-00 00:00:00'),
(213, 15, 30, 1, 1, '2017-09-07 13:00:00', '2017-09-07 14:00:00', 408, 'Koncert (uskutečněno včera)', NULL, '0000-00-00 00:00:00', '0000-00-00 00:00:00'),
(214, 2, 56, 1, 0, '2017-09-17 06:00:00', '2017-09-17 09:00:00', 0, 'TSM- devátá', NULL, '0000-00-00 00:00:00', '0000-00-00 00:00:00'),
(215, 2, 64, 1, 0, '2017-09-17 17:30:00', '2017-09-17 19:30:00', 0, 'Kairos zkouška ', NULL, '0000-00-00 00:00:00', '0000-00-00 00:00:00'),
(216, 2, 66, 1, 0, '2017-09-24 17:30:00', '2017-09-24 19:30:00', 0, 'Kairos zkouška', NULL, '0000-00-00 00:00:00', '0000-00-00 00:00:00'),
(217, 2, 66, 1, 0, '2017-09-30 17:30:00', '2017-09-30 19:30:00', 0, 'Kairos zkouška', NULL, '0000-00-00 00:00:00', '0000-00-00 00:00:00'),
(218, 9, 56, 1, 1, '2017-09-23 10:00:00', '2017-09-23 19:00:00', 801, 'Skautská akce', NULL, '0000-00-00 00:00:00', '0000-00-00 00:00:00'),
(219, 14, 56, 1, 0, '2017-10-04 17:30:00', '2017-10-04 19:30:00', 0, 'Zkouška - Runway kapela', NULL, '0000-00-00 00:00:00', '0000-00-00 00:00:00'),
(220, 14, 56, 1, 0, '2017-10-06 17:00:00', '2017-10-06 19:00:00', 0, 'Zkouška - Runway kapela', NULL, '0000-00-00 00:00:00', '0000-00-00 00:00:00'),
(222, 2, 4, 1, 0, '2017-10-08 06:00:00', '2017-10-08 08:30:00', 0, 'Hraní na Deváté', NULL, '0000-00-00 00:00:00', '0000-00-00 00:00:00'),
(223, 2, 4, 1, 0, '2017-10-15 06:00:00', '2017-10-15 08:30:00', 0, 'Hraní na Deváté', NULL, '0000-00-00 00:00:00', '0000-00-00 00:00:00'),
(224, 2, 4, 1, 0, '2017-10-22 06:00:00', '2017-10-22 08:30:00', 0, 'Hraní na Deváté', NULL, '0000-00-00 00:00:00', '0000-00-00 00:00:00'),
(225, 2, 4, 1, 0, '2017-10-29 07:00:00', '2017-10-29 09:30:00', 0, 'Hraní na Deváté', NULL, '0000-00-00 00:00:00', '0000-00-00 00:00:00'),
(226, 2, 4, 1, 0, '2017-11-05 07:00:00', '2017-11-05 09:30:00', 0, 'Hraní na Deváté', NULL, '0000-00-00 00:00:00', '0000-00-00 00:00:00'),
(227, 2, 4, 1, 0, '2017-11-12 07:00:00', '2017-11-12 09:30:00', 0, 'Hraní na Deváté (Černoši)', NULL, '0000-00-00 00:00:00', '0000-00-00 00:00:00'),
(228, 2, 4, 1, 0, '2017-11-19 07:00:00', '2017-11-19 09:30:00', 0, 'Hraní na Deváté (Úterky)', NULL, '0000-00-00 00:00:00', '0000-00-00 00:00:00'),
(229, 2, 4, 1, 0, '2017-11-26 07:00:00', '2017-11-26 09:30:00', 0, 'Hraní na Deváté (Černoši)', NULL, '0000-00-00 00:00:00', '0000-00-00 00:00:00'),
(230, 2, 4, 1, 0, '2017-12-02 11:00:00', '2017-12-02 19:00:00', 0, 'Zkouška a hraní na DO (Poločas)', NULL, '0000-00-00 00:00:00', '0000-00-00 00:00:00'),
(231, 2, 4, 1, 0, '2017-12-03 07:00:00', '2017-12-03 09:30:00', 0, 'Hraní na Deváté (Černoši)', NULL, '0000-00-00 00:00:00', '0000-00-00 00:00:00'),
(232, 2, 4, 1, 0, '2017-12-10 07:00:00', '2017-12-10 09:30:00', 0, 'Hraní na Deváté (Kairos)', NULL, '0000-00-00 00:00:00', '0000-00-00 00:00:00'),
(233, 2, 4, 1, 0, '2017-12-17 07:00:00', '2017-12-17 09:30:00', 0, 'Hraní na Deváté (Černoši)', NULL, '0000-00-00 00:00:00', '0000-00-00 00:00:00'),
(234, 2, 4, 1, 0, '2017-12-24 07:00:00', '2017-12-24 09:30:00', 0, 'Hraní na Deváté (Terkaband)', NULL, '0000-00-00 00:00:00', '0000-00-00 00:00:00'),
(236, 2, 4, 1, 0, '2017-12-25 07:00:00', '2017-12-25 09:30:00', 0, 'Hraní na Hod Boží (Černoši)', NULL, '0000-00-00 00:00:00', '0000-00-00 00:00:00'),
(237, 2, 4, 1, 0, '2017-12-24 14:00:00', '2017-12-24 16:30:00', 0, 'Hraní na Čtvrté (Úterky)', NULL, '0000-00-00 00:00:00', '0000-00-00 00:00:00'),
(238, 2, 4, 1, 0, '2017-12-26 07:00:00', '2017-12-26 09:30:00', 0, 'Hraní na Štěpána (Černoši)', NULL, '0000-00-00 00:00:00', '0000-00-00 00:00:00'),
(240, 2, 4, 1, 0, '2017-12-31 07:00:00', '2017-12-31 09:30:00', 0, 'Hraní na Deváté (Poločas)', NULL, '0000-00-00 00:00:00', '0000-00-00 00:00:00'),
(241, 2, 4, 1, 0, '2018-01-01 07:00:00', '2018-01-01 09:30:00', 0, 'Hraní na Deváté (?)', NULL, '0000-00-00 00:00:00', '0000-00-00 00:00:00'),
(242, 2, 4, 1, 0, '2018-01-07 07:00:00', '2018-01-07 09:30:00', 0, 'Hraní na Deváté (Černoši)', NULL, '0000-00-00 00:00:00', '0000-00-00 00:00:00'),
(243, 2, 4, 1, 0, '2018-01-14 07:00:00', '2018-01-14 09:30:00', 0, 'Hraní na Deváté (Poločas)', NULL, '0000-00-00 00:00:00', '0000-00-00 00:00:00'),
(244, 2, 4, 1, 0, '2017-10-07 17:30:00', '2017-10-07 20:00:00', 0, 'Zkouška na nedělní Devátou', NULL, '0000-00-00 00:00:00', '0000-00-00 00:00:00'),
(245, 2, 30, 1, 0, '2017-10-01 09:00:00', '2017-10-01 12:00:00', 0, 'Hudební produkce na svátek Terezičky', NULL, '0000-00-00 00:00:00', '0000-00-00 00:00:00'),
(246, 2, 67, 1, 0, '2017-10-04 15:00:00', '2017-10-04 17:00:00', 0, 'Hudební kroužek ', NULL, '0000-00-00 00:00:00', '0000-00-00 00:00:00'),
(247, 6, 56, 1, 1, '2017-10-04 17:30:00', '2017-10-05 20:00:00', 428, 'přípravné setkání Godzone', NULL, '0000-00-00 00:00:00', '0000-00-00 00:00:00'),
(248, 2, 68, 1, 0, '2017-10-15 17:30:00', '2017-10-15 20:00:00', 0, 'zkouška Kairos', NULL, '0000-00-00 00:00:00', '0000-00-00 00:00:00'),
(249, 2, 64, 1, 0, '2017-10-23 16:00:00', '2017-10-23 19:00:00', 0, 'Kairos zkouška + chvály', NULL, '0000-00-00 00:00:00', '0000-00-00 00:00:00'),
(250, 2, 69, 1, 0, '2017-10-20 15:00:00', '2017-10-20 17:00:00', 0, 'dětský sbor', NULL, '0000-00-00 00:00:00', '0000-00-00 00:00:00'),
(251, 9, 41, 1, 0, '2017-10-23 19:00:00', '2017-10-23 21:00:00', 0, 'Zkouška Dýmu', NULL, '0000-00-00 00:00:00', '0000-00-00 00:00:00'),
(252, 9, 41, 1, 0, '2017-11-13 19:00:00', '2017-11-13 22:00:00', 0, 'Zkouška D E Am', NULL, '0000-00-00 00:00:00', '0000-00-00 00:00:00'),
(253, 9, 41, 1, 0, '2017-12-04 19:00:00', '2017-12-04 22:00:00', 0, 'Zkouška D E Am', NULL, '0000-00-00 00:00:00', '0000-00-00 00:00:00'),
(254, 9, 41, 1, 0, '2018-01-08 19:00:00', '2018-01-08 22:00:00', 0, 'Zkouška D E Am', NULL, '0000-00-00 00:00:00', '0000-00-00 00:00:00'),
(255, 1, 70, 1, 0, '2017-10-28 09:00:00', '2017-10-28 14:00:00', 0, 'Dezertéři - křtiny Vyhnanovští', NULL, '0000-00-00 00:00:00', '0000-00-00 00:00:00'),
(256, 9, 56, 1, 1, '2017-11-07 19:00:00', '2017-11-08 22:00:00', 648, 'Oslava - zvučení', NULL, '0000-00-00 00:00:00', '0000-00-00 00:00:00'),
(257, 2, 71, 1, 0, '2017-11-03 16:00:00', '2017-11-03 18:30:00', 0, 'dětský zbor', NULL, '0000-00-00 00:00:00', '0000-00-00 00:00:00'),
(258, 2, 4, 1, 0, '2017-11-02 19:00:00', '2017-11-02 22:00:00', 0, 'Zkouška Poločasu', NULL, '0000-00-00 00:00:00', '0000-00-00 00:00:00'),
(260, 14, 73, 1, 0, '2017-11-19 13:00:00', '2017-11-19 20:00:00', 0, 'soustředění na koncert ve Vlašimi', NULL, '0000-00-00 00:00:00', '0000-00-00 00:00:00'),
(261, 2, 66, 1, 0, '2017-11-12 18:30:00', '2017-11-12 21:00:00', 0, 'zkouška Kairos', NULL, '0000-00-00 00:00:00', '0000-00-00 00:00:00'),
(262, 2, 71, 1, 0, '2017-11-10 16:00:00', '2017-11-10 18:30:00', 0, 'dětský zbor', NULL, '0000-00-00 00:00:00', '0000-00-00 00:00:00'),
(263, 2, 4, 1, 0, '2017-11-11 07:00:00', '2017-11-11 10:00:00', 0, 'Hraní Poločasu na kongresu ASC', NULL, '0000-00-00 00:00:00', '0000-00-00 00:00:00'),
(264, 2, 71, 1, 0, '2017-11-17 14:00:00', '2017-11-17 16:00:00', 0, 'dětský zbor', NULL, '0000-00-00 00:00:00', '0000-00-00 00:00:00'),
(265, 2, 30, 1, 0, '2017-11-19 23:00:00', '2017-11-23 22:00:00', 0, 'Kytara - servis', NULL, '0000-00-00 00:00:00', '0000-00-00 00:00:00'),
(266, 2, 74, 1, 0, '2017-11-26 18:30:00', '2017-11-26 20:30:00', 0, 'zkouška Kairos', NULL, '0000-00-00 00:00:00', '0000-00-00 00:00:00'),
(267, 2, 71, 1, 0, '2017-11-24 16:00:00', '2017-11-24 18:00:00', 0, 'dětský zbor', NULL, '0000-00-00 00:00:00', '0000-00-00 00:00:00'),
(268, 2, 4, 1, 0, '2017-11-25 18:56:00', '2017-11-27 22:59:00', 0, 'Kytara - servis', NULL, '0000-00-00 00:00:00', '0000-00-00 00:00:00'),
(270, 15, 75, 1, 0, '2017-11-26 17:00:00', '2017-11-26 22:00:00', 181, 'karaoke', NULL, '0000-00-00 00:00:00', '0000-00-00 00:00:00'),
(271, 2, 66, 1, 0, '2017-12-03 18:30:00', '2017-12-03 21:00:00', 0, 'Kairos zkouška', NULL, '0000-00-00 00:00:00', '0000-00-00 00:00:00'),
(272, 2, 66, 1, 0, '2017-12-18 17:00:00', '2017-12-18 21:00:00', 0, 'Chvály (Kairos)', NULL, '0000-00-00 00:00:00', '0000-00-00 00:00:00'),
(273, 2, 30, 1, 0, '2017-12-03 22:00:00', '2017-12-09 18:00:00', 0, 'Klávesy Yamaha - servis', NULL, '0000-00-00 00:00:00', '0000-00-00 00:00:00'),
(274, 2, 30, 1, 0, '2017-12-10 10:00:00', '2017-12-16 18:30:00', 0, 'Klávesy Yamaha - servis', NULL, '0000-00-00 00:00:00', '0000-00-00 00:00:00'),
(275, 2, 30, 1, 0, '2017-12-03 10:00:00', '2017-12-08 22:00:00', 0, 'Kytara - servis', NULL, '0000-00-00 00:00:00', '0000-00-00 00:00:00'),
(276, 15, 30, 1, 0, '2017-12-01 18:00:00', '2017-12-01 18:30:00', 500, 'Ještěři - koncert - proběhlo', NULL, '0000-00-00 00:00:00', '0000-00-00 00:00:00'),
(277, 2, 66, 1, 0, '2017-12-17 18:30:00', '2017-12-17 21:00:00', 0, 'zkouška Kairos', NULL, '0000-00-00 00:00:00', '0000-00-00 00:00:00'),
(279, 9, 76, 1, 0, '2017-12-12 06:00:00', '2017-12-13 14:00:00', 30, 'Zvučení akce pro ČVUT', NULL, '0000-00-00 00:00:00', '0000-00-00 00:00:00'),
(280, 2, 66, 1, 0, '2017-12-28 17:00:00', '2017-12-28 20:00:00', 0, 'zkouška Kairos a spol.', NULL, '0000-00-00 00:00:00', '0000-00-00 00:00:00'),
(281, 2, 47, 1, 0, '2017-12-22 19:00:00', '2017-12-22 22:00:00', 0, 'Zkouška Terkabandu', NULL, '0000-00-00 00:00:00', '0000-00-00 00:00:00'),
(282, 9, 42, 1, 1, '2017-12-18 19:00:00', '2017-12-21 19:00:00', 375, 'divadlo ZŠ Trnka Dobříš', NULL, '0000-00-00 00:00:00', '0000-00-00 00:00:00'),
(283, 2, 4, 1, 0, '2018-01-11 18:30:00', '2018-01-11 20:00:00', 0, '\"Ticho v hudebně\"', NULL, '0000-00-00 00:00:00', '0000-00-00 00:00:00'),
(284, 2, 4, 1, 0, '2018-02-08 18:30:00', '2018-02-08 20:00:00', 0, '\"Ticho v hudebně\"', NULL, '0000-00-00 00:00:00', '0000-00-00 00:00:00'),
(285, 2, 4, 1, 0, '2018-03-22 18:30:00', '2018-03-22 20:00:00', 0, '\"Ticho v hudebně\"', NULL, '0000-00-00 00:00:00', '0000-00-00 00:00:00'),
(286, 2, 4, 1, 0, '2017-12-18 21:00:00', '2017-12-22 22:59:00', 0, 'Klávesy Yamaha - servis', NULL, '0000-00-00 00:00:00', '0000-00-00 00:00:00');

-- --------------------------------------------------------

--
-- Struktura tabulky `reservation_item`
--

CREATE TABLE `reservation_item` (
  `id` int(11) NOT NULL,
  `item_id` smallint(6) DEFAULT NULL,
  `reservation_id` int(11) DEFAULT NULL
) ENGINE=InnoDB DEFAULT CHARSET=utf8;

--
-- Vypisuji data pro tabulku `reservation_item`
--

INSERT INTO `reservation_item` (`id`, `item_id`, `reservation_id`) VALUES
(1, 1, 59),
(2, 1, 60),
(3, 1, 61),
(4, 1, 62),
(5, 1, 63),
(6, 1, 64),
(7, 3, 64),
(8, 4, 64),
(9, 6, 64),
(10, 7, 64),
(11, 8, 64),
(12, 10, 64),
(13, 11, 64),
(14, 12, 64),
(15, 13, 64),
(16, 14, 64),
(17, 15, 64),
(18, 17, 64),
(19, 18, 64),
(20, 19, 64),
(21, 20, 64),
(22, 21, 64),
(23, 22, 64),
(24, 23, 64),
(25, 24, 64),
(26, 25, 64),
(27, 27, 64),
(28, 28, 64),
(29, 29, 64),
(30, 30, 64),
(31, 31, 64),
(32, 32, 64),
(33, 33, 64),
(34, 34, 64),
(35, 35, 64),
(36, 36, 64),
(37, 37, 64),
(38, 38, 64),
(39, 39, 64),
(40, 40, 64),
(41, 41, 64),
(42, 42, 64),
(43, 43, 64),
(44, 44, 64),
(45, 45, 64),
(46, 46, 64),
(47, 1, 65),
(48, 3, 65),
(49, 4, 65),
(50, 6, 65),
(51, 7, 65),
(52, 8, 65),
(53, 10, 65),
(54, 11, 65),
(55, 12, 65),
(56, 13, 65),
(57, 14, 65),
(58, 15, 65),
(59, 17, 65),
(60, 18, 65),
(61, 19, 65),
(62, 20, 65),
(63, 21, 65),
(64, 22, 65),
(65, 23, 65),
(66, 24, 65),
(67, 25, 65),
(68, 27, 65),
(69, 28, 65),
(70, 29, 65),
(71, 30, 65),
(72, 31, 65),
(73, 32, 65),
(74, 33, 65),
(75, 34, 65),
(76, 35, 65),
(77, 36, 65),
(78, 37, 65),
(79, 38, 65),
(80, 39, 65),
(81, 40, 65),
(82, 41, 65),
(83, 42, 65),
(84, 43, 65),
(85, 44, 65),
(86, 45, 65),
(87, 46, 65),
(88, 1, 69),
(89, 3, 69),
(90, 4, 69),
(91, 6, 69),
(92, 7, 69),
(93, 8, 69),
(94, 10, 69),
(95, 11, 69),
(96, 12, 69),
(97, 13, 69),
(98, 14, 69),
(99, 15, 69),
(100, 17, 69),
(101, 18, 69),
(102, 19, 69),
(103, 20, 69),
(104, 21, 69),
(105, 22, 69),
(106, 23, 69),
(107, 24, 69),
(108, 25, 69),
(109, 27, 69),
(110, 28, 69),
(111, 29, 69),
(112, 30, 69),
(113, 31, 69),
(114, 32, 69),
(115, 33, 69),
(116, 34, 69),
(117, 35, 69),
(118, 36, 69),
(119, 37, 69),
(120, 38, 69),
(121, 39, 69),
(122, 40, 69),
(123, 41, 69),
(124, 42, 69),
(125, 43, 69),
(126, 44, 69),
(127, 45, 69),
(128, 46, 69),
(129, 1, 71),
(130, 3, 71),
(131, 6, 71),
(132, 10, 71),
(133, 11, 71),
(134, 12, 71),
(135, 13, 71),
(136, 27, 71),
(137, 28, 71),
(138, 29, 71),
(139, 30, 71),
(140, 31, 71),
(141, 35, 71),
(142, 1, 74),
(143, 4, 83),
(144, 10, 83),
(145, 12, 83),
(146, 20, 83),
(147, 21, 83),
(148, 44, 83),
(149, 61, 83),
(150, 76, 83),
(151, 77, 83),
(152, 85, 83),
(153, 86, 83),
(154, 87, 83),
(155, 88, 83),
(156, 89, 83),
(157, 6, 84),
(158, 43, 84),
(159, 45, 84),
(160, 62, 84),
(161, 1, 85),
(162, 6, 99),
(163, 13, 99),
(164, 27, 99),
(165, 62, 99),
(166, 10, 100),
(167, 11, 100),
(168, 12, 100),
(169, 20, 100),
(170, 28, 100),
(171, 79, 100),
(172, 82, 100),
(173, 95, 100),
(174, 90, 101),
(175, 91, 101),
(176, 92, 101),
(177, 93, 101),
(178, 27, 102),
(179, 90, 102),
(180, 91, 102),
(181, 92, 102),
(182, 95, 102),
(183, 109, 102),
(184, 113, 102),
(185, 114, 102),
(186, 1, 103),
(187, 3, 103),
(188, 4, 103),
(189, 6, 103),
(190, 7, 103),
(191, 8, 103),
(192, 10, 103),
(193, 11, 103),
(194, 12, 103),
(195, 13, 103),
(196, 14, 103),
(197, 15, 103),
(198, 17, 103),
(199, 18, 103),
(200, 19, 103),
(201, 20, 103),
(202, 21, 103),
(203, 22, 103),
(204, 23, 103),
(205, 24, 103),
(206, 25, 103),
(207, 27, 103),
(208, 28, 103),
(209, 29, 103),
(210, 30, 103),
(211, 31, 103),
(212, 32, 103),
(213, 33, 103),
(214, 34, 103),
(215, 35, 103),
(216, 36, 103),
(217, 37, 103),
(218, 38, 103),
(219, 39, 103),
(220, 40, 103),
(221, 41, 103),
(222, 42, 103),
(223, 43, 103),
(224, 44, 103),
(225, 45, 103),
(226, 46, 103),
(227, 50, 103),
(228, 51, 103),
(229, 52, 103),
(230, 53, 103),
(231, 54, 103),
(232, 55, 103),
(233, 56, 103),
(234, 57, 103),
(235, 58, 103),
(236, 59, 103),
(237, 60, 103),
(238, 61, 103),
(239, 62, 103),
(240, 63, 103),
(241, 64, 103),
(242, 65, 103),
(243, 66, 103),
(244, 67, 103),
(245, 68, 103),
(246, 69, 103),
(247, 70, 103),
(248, 71, 103),
(249, 72, 103),
(250, 73, 103),
(251, 74, 103),
(252, 75, 103),
(253, 76, 103),
(254, 77, 103),
(255, 78, 103),
(256, 79, 103),
(257, 81, 103),
(258, 82, 103),
(259, 83, 103),
(260, 84, 103),
(261, 85, 103),
(262, 86, 103),
(263, 87, 103),
(264, 88, 103),
(265, 89, 103),
(266, 90, 103),
(267, 91, 103),
(268, 92, 103),
(269, 93, 103),
(270, 94, 103),
(271, 95, 103),
(272, 96, 103),
(273, 97, 103),
(274, 98, 103),
(275, 99, 103),
(276, 100, 103),
(277, 101, 103),
(278, 102, 103),
(279, 103, 103),
(280, 104, 103),
(281, 105, 103),
(282, 106, 103),
(283, 107, 103),
(284, 108, 103),
(285, 109, 103),
(286, 110, 103),
(287, 112, 103),
(288, 113, 103),
(289, 114, 103),
(290, 116, 103),
(291, 117, 103),
(292, 1, 104),
(293, 3, 104),
(294, 4, 104),
(295, 6, 104),
(296, 7, 104),
(297, 8, 104),
(298, 10, 104),
(299, 11, 104),
(300, 12, 104),
(301, 13, 104),
(302, 14, 104),
(303, 15, 104),
(304, 17, 104),
(305, 18, 104),
(306, 19, 104),
(307, 20, 104),
(308, 21, 104),
(309, 22, 104),
(310, 23, 104),
(311, 24, 104),
(312, 25, 104),
(313, 27, 104),
(314, 28, 104),
(315, 29, 104),
(316, 30, 104),
(317, 31, 104),
(318, 32, 104),
(319, 33, 104),
(320, 34, 104),
(321, 35, 104),
(322, 36, 104),
(323, 37, 104),
(324, 38, 104),
(325, 39, 104),
(326, 40, 104),
(327, 41, 104),
(328, 42, 104),
(329, 43, 104),
(330, 44, 104),
(331, 45, 104),
(332, 46, 104),
(333, 50, 104),
(334, 51, 104),
(335, 52, 104),
(336, 53, 104),
(337, 54, 104),
(338, 55, 104),
(339, 56, 104),
(340, 57, 104),
(341, 58, 104),
(342, 59, 104),
(343, 60, 104),
(344, 61, 104),
(345, 62, 104),
(346, 63, 104),
(347, 64, 104),
(348, 65, 104),
(349, 66, 104),
(350, 67, 104),
(351, 68, 104),
(352, 69, 104),
(353, 70, 104),
(354, 71, 104),
(355, 72, 104),
(356, 73, 104),
(357, 74, 104),
(358, 75, 104),
(359, 76, 104),
(360, 77, 104),
(361, 78, 104),
(362, 79, 104),
(363, 81, 104),
(364, 82, 104),
(365, 83, 104),
(366, 84, 104),
(367, 85, 104),
(368, 86, 104),
(369, 87, 104),
(370, 88, 104),
(371, 89, 104),
(372, 90, 104),
(373, 91, 104),
(374, 92, 104),
(375, 93, 104),
(376, 94, 104),
(377, 95, 104),
(378, 96, 104),
(379, 97, 104),
(380, 98, 104),
(381, 99, 104),
(382, 100, 104),
(383, 101, 104),
(384, 102, 104),
(385, 103, 104),
(386, 104, 104),
(387, 105, 104),
(388, 106, 104),
(389, 107, 104),
(390, 108, 104),
(391, 109, 104),
(392, 110, 104),
(393, 112, 104),
(394, 113, 104),
(395, 114, 104),
(396, 116, 104),
(397, 117, 104),
(398, 1, 105),
(399, 3, 105),
(400, 4, 105),
(401, 6, 105),
(402, 7, 105),
(403, 8, 105),
(404, 10, 105),
(405, 11, 105),
(406, 12, 105),
(407, 13, 105),
(408, 14, 105),
(409, 15, 105),
(410, 17, 105),
(411, 18, 105),
(412, 19, 105),
(413, 20, 105),
(414, 21, 105),
(415, 22, 105),
(416, 23, 105),
(417, 24, 105),
(418, 25, 105),
(419, 27, 105),
(420, 28, 105),
(421, 29, 105),
(422, 30, 105),
(423, 31, 105),
(424, 32, 105),
(425, 33, 105),
(426, 34, 105),
(427, 35, 105),
(428, 36, 105),
(429, 37, 105),
(430, 38, 105),
(431, 39, 105),
(432, 40, 105),
(433, 41, 105),
(434, 42, 105),
(435, 43, 105),
(436, 44, 105),
(437, 45, 105),
(438, 46, 105),
(439, 50, 105),
(440, 51, 105),
(441, 52, 105),
(442, 53, 105),
(443, 54, 105),
(444, 55, 105),
(445, 56, 105),
(446, 57, 105),
(447, 58, 105),
(448, 59, 105),
(449, 60, 105),
(450, 61, 105),
(451, 62, 105),
(452, 63, 105),
(453, 64, 105),
(454, 65, 105),
(455, 66, 105),
(456, 67, 105),
(457, 68, 105),
(458, 69, 105),
(459, 70, 105),
(460, 71, 105),
(461, 72, 105),
(462, 73, 105),
(463, 74, 105),
(464, 75, 105),
(465, 76, 105),
(466, 77, 105),
(467, 78, 105),
(468, 79, 105),
(469, 81, 105),
(470, 82, 105),
(471, 83, 105),
(472, 84, 105),
(473, 85, 105),
(474, 86, 105),
(475, 87, 105),
(476, 88, 105),
(477, 89, 105),
(478, 90, 105),
(479, 91, 105),
(480, 92, 105),
(481, 93, 105),
(482, 94, 105),
(483, 95, 105),
(484, 96, 105),
(485, 97, 105),
(486, 98, 105),
(487, 99, 105),
(488, 100, 105),
(489, 101, 105),
(490, 102, 105),
(491, 103, 105),
(492, 104, 105),
(493, 105, 105),
(494, 106, 105),
(495, 107, 105),
(496, 108, 105),
(497, 109, 105),
(498, 110, 105),
(499, 112, 105),
(500, 113, 105),
(501, 114, 105),
(502, 116, 105),
(503, 117, 105),
(504, 3, 106),
(505, 4, 106),
(506, 6, 106),
(507, 7, 106),
(508, 8, 106),
(509, 10, 106),
(510, 11, 106),
(511, 12, 106),
(512, 13, 106),
(513, 14, 106),
(514, 15, 106),
(515, 17, 106),
(516, 18, 106),
(517, 19, 106),
(518, 20, 106),
(519, 21, 106),
(520, 22, 106),
(521, 23, 106),
(522, 24, 106),
(523, 25, 106),
(524, 27, 106),
(525, 28, 106),
(526, 29, 106),
(527, 30, 106),
(528, 31, 106),
(529, 32, 106),
(530, 33, 106),
(531, 34, 106),
(532, 35, 106),
(533, 36, 106),
(534, 37, 106),
(535, 38, 106),
(536, 39, 106),
(537, 40, 106),
(538, 41, 106),
(539, 42, 106),
(540, 43, 106),
(541, 44, 106),
(542, 45, 106),
(543, 46, 106),
(544, 50, 106),
(545, 51, 106),
(546, 52, 106),
(547, 53, 106),
(548, 54, 106),
(549, 55, 106),
(550, 56, 106),
(551, 57, 106),
(552, 58, 106),
(553, 59, 106),
(554, 60, 106),
(555, 61, 106),
(556, 62, 106),
(557, 63, 106),
(558, 64, 106),
(559, 65, 106),
(560, 66, 106),
(561, 67, 106),
(562, 68, 106),
(563, 69, 106),
(564, 70, 106),
(565, 71, 106),
(566, 72, 106),
(567, 73, 106),
(568, 74, 106),
(569, 75, 106),
(570, 76, 106),
(571, 77, 106),
(572, 78, 106),
(573, 79, 106),
(574, 81, 106),
(575, 82, 106),
(576, 83, 106),
(577, 84, 106),
(578, 85, 106),
(579, 86, 106),
(580, 87, 106),
(581, 88, 106),
(582, 89, 106),
(583, 90, 106),
(584, 91, 106),
(585, 92, 106),
(586, 93, 106),
(587, 94, 106),
(588, 95, 106),
(589, 96, 106),
(590, 97, 106),
(591, 98, 106),
(592, 99, 106),
(593, 100, 106),
(594, 101, 106),
(595, 102, 106),
(596, 103, 106),
(597, 104, 106),
(598, 105, 106),
(599, 106, 106),
(600, 107, 106),
(601, 108, 106),
(602, 109, 106),
(603, 110, 106),
(604, 112, 106),
(605, 113, 106),
(606, 114, 106),
(607, 116, 106),
(608, 117, 106),
(609, 3, 107),
(610, 4, 107),
(611, 6, 107),
(612, 7, 107),
(613, 8, 107),
(614, 10, 107),
(615, 11, 107),
(616, 12, 107),
(617, 13, 107),
(618, 14, 107),
(619, 15, 107),
(620, 17, 107),
(621, 18, 107),
(622, 19, 107),
(623, 20, 107),
(624, 21, 107),
(625, 22, 107),
(626, 23, 107),
(627, 24, 107),
(628, 25, 107),
(629, 27, 107),
(630, 28, 107),
(631, 29, 107),
(632, 30, 107),
(633, 31, 107),
(634, 32, 107),
(635, 33, 107),
(636, 34, 107),
(637, 35, 107),
(638, 36, 107),
(639, 37, 107),
(640, 38, 107),
(641, 39, 107),
(642, 40, 107),
(643, 41, 107),
(644, 42, 107),
(645, 43, 107),
(646, 44, 107),
(647, 45, 107),
(648, 46, 107),
(649, 50, 107),
(650, 51, 107),
(651, 52, 107),
(652, 53, 107),
(653, 54, 107),
(654, 55, 107),
(655, 56, 107),
(656, 57, 107),
(657, 58, 107),
(658, 59, 107),
(659, 60, 107),
(660, 61, 107),
(661, 62, 107),
(662, 63, 107),
(663, 64, 107),
(664, 65, 107),
(665, 66, 107),
(666, 67, 107),
(667, 68, 107),
(668, 69, 107),
(669, 70, 107),
(670, 71, 107),
(671, 72, 107),
(672, 73, 107),
(673, 74, 107),
(674, 75, 107),
(675, 76, 107),
(676, 77, 107),
(677, 78, 107),
(678, 79, 107),
(679, 81, 107),
(680, 82, 107),
(681, 83, 107),
(682, 84, 107),
(683, 85, 107),
(684, 86, 107),
(685, 87, 107),
(686, 88, 107),
(687, 89, 107),
(688, 90, 107),
(689, 91, 107),
(690, 92, 107),
(691, 93, 107),
(692, 94, 107),
(693, 95, 107),
(694, 96, 107),
(695, 97, 107),
(696, 98, 107),
(697, 99, 107),
(698, 100, 107),
(699, 101, 107),
(700, 102, 107),
(701, 103, 107),
(702, 104, 107),
(703, 105, 107),
(704, 106, 107),
(705, 107, 107),
(706, 108, 107),
(707, 109, 107),
(708, 110, 107),
(709, 112, 107),
(710, 113, 107),
(711, 114, 107),
(712, 116, 107),
(713, 117, 107),
(714, 1, 108),
(715, 3, 108),
(716, 4, 108),
(717, 6, 108),
(718, 7, 108),
(719, 8, 108),
(720, 10, 108),
(721, 11, 108),
(722, 12, 108),
(723, 13, 108),
(724, 14, 108),
(725, 15, 108),
(726, 17, 108),
(727, 18, 108),
(728, 19, 108),
(729, 20, 108),
(730, 21, 108),
(731, 22, 108),
(732, 23, 108),
(733, 24, 108),
(734, 25, 108),
(735, 27, 108),
(736, 28, 108),
(737, 29, 108),
(738, 30, 108),
(739, 31, 108),
(740, 32, 108),
(741, 33, 108),
(742, 34, 108),
(743, 35, 108),
(744, 36, 108),
(745, 37, 108),
(746, 38, 108),
(747, 39, 108),
(748, 40, 108),
(749, 41, 108),
(750, 42, 108),
(751, 43, 108),
(752, 44, 108),
(753, 45, 108),
(754, 46, 108),
(755, 50, 108),
(756, 51, 108),
(757, 52, 108),
(758, 53, 108),
(759, 54, 108),
(760, 55, 108),
(761, 56, 108),
(762, 57, 108),
(763, 58, 108),
(764, 59, 108),
(765, 60, 108),
(766, 61, 108),
(767, 62, 108),
(768, 63, 108),
(769, 64, 108),
(770, 65, 108),
(771, 66, 108),
(772, 67, 108),
(773, 68, 108),
(774, 69, 108),
(775, 70, 108),
(776, 71, 108),
(777, 72, 108),
(778, 73, 108),
(779, 74, 108),
(780, 75, 108),
(781, 76, 108),
(782, 77, 108),
(783, 78, 108),
(784, 79, 108),
(785, 81, 108),
(786, 82, 108),
(787, 83, 108),
(788, 84, 108),
(789, 85, 108),
(790, 86, 108),
(791, 87, 108),
(792, 88, 108),
(793, 89, 108),
(794, 90, 108),
(795, 91, 108),
(796, 92, 108),
(797, 93, 108),
(798, 94, 108),
(799, 95, 108),
(800, 96, 108),
(801, 97, 108),
(802, 98, 108),
(803, 99, 108),
(804, 100, 108),
(805, 101, 108),
(806, 102, 108),
(807, 103, 108),
(808, 104, 108),
(809, 105, 108),
(810, 106, 108),
(811, 107, 108),
(812, 108, 108),
(813, 109, 108),
(814, 110, 108),
(815, 112, 108),
(816, 113, 108),
(817, 114, 108),
(818, 116, 108),
(819, 117, 108),
(820, 1, 109),
(821, 3, 109),
(822, 4, 109),
(823, 6, 109),
(824, 7, 109),
(825, 8, 109),
(826, 10, 109),
(827, 11, 109),
(828, 12, 109),
(829, 13, 109),
(830, 14, 109),
(831, 15, 109),
(832, 17, 109),
(833, 18, 109),
(834, 19, 109),
(835, 20, 109),
(836, 21, 109),
(837, 22, 109),
(838, 23, 109),
(839, 24, 109),
(840, 25, 109),
(841, 28, 109),
(842, 29, 109),
(843, 30, 109),
(844, 31, 109),
(845, 32, 109),
(846, 33, 109),
(847, 34, 109),
(848, 35, 109),
(849, 36, 109),
(850, 37, 109),
(851, 38, 109),
(852, 39, 109),
(853, 40, 109),
(854, 41, 109),
(855, 42, 109),
(856, 43, 109),
(857, 44, 109),
(858, 45, 109),
(859, 46, 109),
(860, 50, 109),
(861, 51, 109),
(862, 52, 109),
(863, 53, 109),
(864, 54, 109),
(865, 55, 109),
(866, 56, 109),
(867, 57, 109),
(868, 58, 109),
(869, 59, 109),
(870, 60, 109),
(871, 61, 109),
(872, 62, 109),
(873, 63, 109),
(874, 64, 109),
(875, 65, 109),
(876, 66, 109),
(877, 67, 109),
(878, 68, 109),
(879, 69, 109),
(880, 70, 109),
(881, 71, 109),
(882, 72, 109),
(883, 73, 109),
(884, 74, 109),
(885, 75, 109),
(886, 76, 109),
(887, 77, 109),
(888, 78, 109),
(889, 79, 109),
(890, 81, 109),
(891, 82, 109),
(892, 83, 109),
(893, 84, 109),
(894, 85, 109),
(895, 86, 109),
(896, 87, 109),
(897, 88, 109),
(898, 89, 109),
(899, 93, 109),
(900, 94, 109),
(901, 96, 109),
(902, 97, 109),
(903, 98, 109),
(904, 99, 109),
(905, 100, 109),
(906, 101, 109),
(907, 102, 109),
(908, 103, 109),
(909, 104, 109),
(910, 105, 109),
(911, 106, 109),
(912, 107, 109),
(913, 108, 109),
(914, 110, 109),
(915, 112, 109),
(916, 116, 109),
(917, 117, 109),
(918, 3, 110),
(919, 4, 110),
(920, 6, 110),
(921, 7, 110),
(922, 8, 110),
(923, 10, 110),
(924, 11, 110),
(925, 12, 110),
(926, 13, 110),
(927, 14, 110),
(928, 15, 110),
(929, 17, 110),
(930, 18, 110),
(931, 19, 110),
(932, 20, 110),
(933, 21, 110),
(934, 22, 110),
(935, 23, 110),
(936, 24, 110),
(937, 25, 110),
(938, 27, 110),
(939, 28, 110),
(940, 29, 110),
(941, 30, 110),
(942, 31, 110),
(943, 32, 110),
(944, 33, 110),
(945, 34, 110),
(946, 35, 110),
(947, 36, 110),
(948, 37, 110),
(949, 38, 110),
(950, 39, 110),
(951, 40, 110),
(952, 41, 110),
(953, 42, 110),
(954, 43, 110),
(955, 44, 110),
(956, 45, 110),
(957, 46, 110),
(958, 50, 110),
(959, 51, 110),
(960, 52, 110),
(961, 53, 110),
(962, 54, 110),
(963, 55, 110),
(964, 56, 110),
(965, 57, 110),
(966, 58, 110),
(967, 59, 110),
(968, 60, 110),
(969, 61, 110),
(970, 62, 110),
(971, 63, 110),
(972, 64, 110),
(973, 65, 110),
(974, 66, 110),
(975, 67, 110),
(976, 68, 110),
(977, 69, 110),
(978, 70, 110),
(979, 71, 110),
(980, 72, 110),
(981, 73, 110),
(982, 74, 110),
(983, 75, 110),
(984, 76, 110),
(985, 77, 110),
(986, 78, 110),
(987, 79, 110),
(988, 81, 110),
(989, 82, 110),
(990, 83, 110),
(991, 84, 110),
(992, 85, 110),
(993, 86, 110),
(994, 87, 110),
(995, 88, 110),
(996, 89, 110),
(997, 90, 110),
(998, 91, 110),
(999, 92, 110),
(1000, 93, 110),
(1001, 94, 110),
(1002, 95, 110),
(1003, 96, 110),
(1004, 97, 110),
(1005, 98, 110),
(1006, 99, 110),
(1007, 100, 110),
(1008, 101, 110),
(1009, 102, 110),
(1010, 103, 110),
(1011, 104, 110),
(1012, 105, 110),
(1013, 106, 110),
(1014, 107, 110),
(1015, 108, 110),
(1016, 109, 110),
(1017, 110, 110),
(1018, 112, 110),
(1019, 113, 110),
(1020, 114, 110),
(1021, 116, 110),
(1022, 117, 110),
(1023, 1, 111),
(1024, 3, 111),
(1025, 4, 111),
(1026, 6, 111),
(1027, 7, 111),
(1028, 8, 111),
(1029, 10, 111),
(1030, 11, 111),
(1031, 12, 111),
(1032, 13, 111),
(1033, 14, 111),
(1034, 15, 111),
(1035, 17, 111),
(1036, 18, 111),
(1037, 19, 111),
(1038, 20, 111),
(1039, 21, 111),
(1040, 22, 111),
(1041, 23, 111),
(1042, 24, 111),
(1043, 25, 111),
(1044, 27, 111),
(1045, 28, 111),
(1046, 29, 111),
(1047, 30, 111),
(1048, 31, 111),
(1049, 32, 111),
(1050, 33, 111),
(1051, 34, 111),
(1052, 35, 111),
(1053, 36, 111),
(1054, 37, 111),
(1055, 38, 111),
(1056, 39, 111),
(1057, 40, 111),
(1058, 41, 111),
(1059, 42, 111),
(1060, 43, 111),
(1061, 44, 111),
(1062, 45, 111),
(1063, 46, 111),
(1064, 50, 111),
(1065, 51, 111),
(1066, 52, 111),
(1067, 53, 111),
(1068, 54, 111),
(1069, 55, 111),
(1070, 56, 111),
(1071, 57, 111),
(1072, 58, 111),
(1073, 59, 111),
(1074, 60, 111),
(1075, 61, 111),
(1076, 62, 111),
(1077, 63, 111),
(1078, 64, 111),
(1079, 65, 111),
(1080, 66, 111),
(1081, 67, 111),
(1082, 68, 111),
(1083, 69, 111),
(1084, 70, 111),
(1085, 71, 111),
(1086, 72, 111),
(1087, 73, 111),
(1088, 74, 111),
(1089, 75, 111),
(1090, 76, 111),
(1091, 77, 111),
(1092, 78, 111),
(1093, 79, 111),
(1094, 81, 111),
(1095, 82, 111),
(1096, 83, 111),
(1097, 84, 111),
(1098, 85, 111),
(1099, 86, 111),
(1100, 87, 111),
(1101, 88, 111),
(1102, 89, 111),
(1103, 90, 111),
(1104, 91, 111),
(1105, 92, 111),
(1106, 93, 111),
(1107, 94, 111),
(1108, 95, 111),
(1109, 96, 111),
(1110, 97, 111),
(1111, 98, 111),
(1112, 99, 111),
(1113, 100, 111),
(1114, 101, 111),
(1115, 102, 111),
(1116, 103, 111),
(1117, 104, 111),
(1118, 105, 111),
(1119, 106, 111),
(1120, 107, 111),
(1121, 108, 111),
(1122, 109, 111),
(1123, 110, 111),
(1124, 112, 111),
(1125, 113, 111),
(1126, 114, 111),
(1127, 116, 111),
(1128, 117, 111),
(1129, 1, 112),
(1130, 3, 112),
(1131, 4, 112),
(1132, 6, 112),
(1133, 7, 112),
(1134, 8, 112),
(1135, 10, 112),
(1136, 11, 112),
(1137, 12, 112),
(1138, 13, 112),
(1139, 14, 112),
(1140, 15, 112),
(1141, 17, 112),
(1142, 18, 112),
(1143, 19, 112),
(1144, 20, 112),
(1145, 21, 112),
(1146, 22, 112),
(1147, 23, 112),
(1148, 24, 112),
(1149, 25, 112),
(1150, 27, 112),
(1151, 28, 112),
(1152, 29, 112),
(1153, 30, 112),
(1154, 31, 112),
(1155, 32, 112),
(1156, 33, 112),
(1157, 34, 112),
(1158, 35, 112),
(1159, 36, 112),
(1160, 37, 112),
(1161, 38, 112),
(1162, 39, 112),
(1163, 40, 112),
(1164, 41, 112),
(1165, 42, 112),
(1166, 43, 112),
(1167, 44, 112),
(1168, 45, 112),
(1169, 46, 112),
(1170, 50, 112),
(1171, 51, 112),
(1172, 52, 112),
(1173, 53, 112),
(1174, 54, 112),
(1175, 55, 112),
(1176, 56, 112),
(1177, 57, 112),
(1178, 58, 112),
(1179, 59, 112),
(1180, 60, 112),
(1181, 61, 112),
(1182, 62, 112),
(1183, 63, 112),
(1184, 64, 112),
(1185, 65, 112),
(1186, 66, 112),
(1187, 67, 112),
(1188, 68, 112),
(1189, 69, 112),
(1190, 70, 112),
(1191, 71, 112),
(1192, 72, 112),
(1193, 73, 112),
(1194, 74, 112),
(1195, 75, 112),
(1196, 76, 112),
(1197, 77, 112),
(1198, 78, 112),
(1199, 79, 112),
(1200, 81, 112),
(1201, 82, 112),
(1202, 83, 112),
(1203, 84, 112),
(1204, 85, 112),
(1205, 86, 112),
(1206, 87, 112),
(1207, 88, 112),
(1208, 89, 112),
(1209, 90, 112),
(1210, 91, 112),
(1211, 92, 112),
(1212, 93, 112),
(1213, 94, 112),
(1214, 95, 112),
(1215, 96, 112),
(1216, 97, 112),
(1217, 98, 112),
(1218, 99, 112),
(1219, 100, 112),
(1220, 101, 112),
(1221, 102, 112),
(1222, 103, 112),
(1223, 104, 112),
(1224, 105, 112),
(1225, 106, 112),
(1226, 107, 112),
(1227, 108, 112),
(1228, 109, 112),
(1229, 110, 112),
(1230, 112, 112),
(1231, 113, 112),
(1232, 114, 112),
(1233, 116, 112),
(1234, 117, 112),
(1235, 1, 113),
(1236, 10, 117),
(1237, 12, 117),
(1238, 13, 117),
(1239, 20, 117),
(1240, 21, 117),
(1241, 22, 117),
(1242, 27, 117),
(1243, 28, 117),
(1244, 29, 117),
(1245, 30, 117),
(1246, 31, 117),
(1247, 32, 117),
(1248, 33, 117),
(1249, 34, 117),
(1250, 37, 117),
(1251, 38, 117),
(1252, 39, 117),
(1253, 40, 117),
(1254, 41, 117),
(1255, 52, 117),
(1256, 53, 117),
(1257, 54, 117),
(1258, 79, 117),
(1259, 81, 117),
(1260, 82, 117),
(1261, 83, 117),
(1262, 84, 117),
(1263, 85, 117),
(1264, 86, 117),
(1265, 87, 117),
(1266, 88, 117),
(1267, 89, 117),
(1268, 90, 117),
(1269, 91, 117),
(1270, 92, 117),
(1271, 93, 117),
(1272, 95, 117),
(1273, 101, 117),
(1274, 103, 117),
(1275, 104, 117),
(1276, 105, 117),
(1277, 110, 117),
(1278, 112, 117),
(1279, 113, 117),
(1280, 114, 117),
(1281, 10, 118),
(1282, 11, 118),
(1283, 12, 118),
(1284, 13, 118),
(1285, 17, 118),
(1286, 18, 118),
(1287, 19, 118),
(1288, 20, 118),
(1289, 21, 118),
(1290, 22, 118),
(1291, 27, 118),
(1292, 28, 118),
(1293, 29, 118),
(1294, 30, 118),
(1295, 31, 118),
(1296, 32, 118),
(1297, 33, 118),
(1298, 34, 118),
(1299, 37, 118),
(1300, 38, 118),
(1301, 39, 118),
(1302, 40, 118),
(1303, 41, 118),
(1304, 43, 118),
(1305, 52, 118),
(1306, 53, 118),
(1307, 54, 118),
(1308, 55, 118),
(1309, 56, 118),
(1310, 57, 118),
(1311, 58, 118),
(1312, 60, 118),
(1313, 62, 118),
(1314, 64, 118),
(1315, 65, 118),
(1316, 79, 118),
(1317, 81, 118),
(1318, 82, 118),
(1319, 83, 118),
(1320, 84, 118),
(1321, 85, 118),
(1322, 86, 118),
(1323, 87, 118),
(1324, 88, 118),
(1325, 89, 118),
(1326, 90, 118),
(1327, 91, 118),
(1328, 92, 118),
(1329, 93, 118),
(1330, 95, 118),
(1331, 101, 118),
(1332, 102, 118),
(1333, 103, 118),
(1334, 104, 118),
(1335, 105, 118),
(1336, 106, 118),
(1337, 107, 118),
(1338, 108, 118),
(1339, 110, 118),
(1340, 112, 118),
(1341, 113, 118),
(1342, 114, 118),
(1343, 10, 119),
(1344, 20, 119),
(1345, 21, 119),
(1346, 22, 119),
(1347, 28, 119),
(1348, 29, 119),
(1349, 30, 119),
(1350, 31, 119),
(1351, 32, 119),
(1352, 33, 119),
(1353, 34, 119),
(1354, 37, 119),
(1355, 38, 119),
(1356, 39, 119),
(1357, 40, 119),
(1358, 41, 119),
(1359, 43, 119),
(1360, 54, 119),
(1361, 55, 119),
(1362, 56, 119),
(1363, 57, 119),
(1364, 62, 119),
(1365, 79, 119),
(1366, 81, 119),
(1367, 82, 119),
(1368, 83, 119),
(1369, 84, 119),
(1370, 85, 119),
(1371, 86, 119),
(1372, 87, 119),
(1373, 88, 119),
(1374, 89, 119),
(1375, 93, 119),
(1376, 95, 119),
(1377, 101, 119),
(1378, 103, 119),
(1379, 104, 119),
(1380, 105, 119),
(1381, 112, 119),
(1382, 113, 119),
(1383, 114, 119),
(1384, 1, 121),
(1385, 27, 122),
(1386, 90, 122),
(1387, 91, 122),
(1388, 92, 122),
(1389, 1, 123),
(1390, 6, 124),
(1391, 43, 124),
(1392, 44, 124),
(1393, 54, 124),
(1394, 55, 124),
(1395, 61, 124),
(1396, 62, 124),
(1397, 1, 125),
(1398, 6, 125),
(1399, 43, 125),
(1400, 44, 125),
(1401, 54, 125),
(1402, 55, 125),
(1403, 61, 125),
(1404, 62, 125),
(1405, 1, 126),
(1406, 1, 127),
(1407, 1, 128),
(1408, 4, 128),
(1409, 6, 128),
(1410, 7, 128),
(1411, 10, 128),
(1412, 11, 128),
(1413, 12, 128),
(1414, 27, 128),
(1415, 35, 128),
(1416, 43, 128),
(1417, 44, 128),
(1418, 62, 128),
(1419, 89, 128),
(1420, 90, 128),
(1421, 91, 128),
(1422, 92, 128),
(1423, 93, 128),
(1424, 98, 128),
(1425, 112, 128),
(1426, 113, 128),
(1427, 114, 128),
(1428, 1, 129),
(1429, 3, 129),
(1430, 4, 129),
(1431, 6, 129),
(1432, 7, 129),
(1433, 8, 129),
(1434, 10, 129),
(1435, 11, 129),
(1436, 12, 129),
(1437, 13, 129),
(1438, 14, 129),
(1439, 15, 129),
(1440, 17, 129),
(1441, 18, 129),
(1442, 19, 129),
(1443, 20, 129),
(1444, 21, 129),
(1445, 22, 129),
(1446, 23, 129),
(1447, 24, 129),
(1448, 25, 129),
(1449, 27, 129),
(1450, 28, 129),
(1451, 29, 129),
(1452, 30, 129),
(1453, 31, 129),
(1454, 32, 129),
(1455, 33, 129),
(1456, 34, 129),
(1457, 35, 129),
(1458, 36, 129),
(1459, 37, 129),
(1460, 38, 129),
(1461, 39, 129),
(1462, 40, 129),
(1463, 41, 129),
(1464, 42, 129),
(1465, 43, 129),
(1466, 44, 129),
(1467, 45, 129),
(1468, 46, 129),
(1469, 50, 129),
(1470, 51, 129),
(1471, 52, 129),
(1472, 53, 129),
(1473, 54, 129),
(1474, 55, 129),
(1475, 56, 129),
(1476, 57, 129),
(1477, 58, 129),
(1478, 59, 129),
(1479, 60, 129),
(1480, 61, 129),
(1481, 62, 129),
(1482, 63, 129),
(1483, 64, 129),
(1484, 65, 129),
(1485, 66, 129),
(1486, 67, 129),
(1487, 68, 129),
(1488, 69, 129),
(1489, 70, 129),
(1490, 71, 129),
(1491, 72, 129),
(1492, 73, 129),
(1493, 74, 129),
(1494, 75, 129),
(1495, 76, 129),
(1496, 77, 129),
(1497, 78, 129),
(1498, 79, 129),
(1499, 81, 129),
(1500, 82, 129),
(1501, 83, 129),
(1502, 84, 129),
(1503, 85, 129),
(1504, 86, 129),
(1505, 87, 129),
(1506, 88, 129),
(1507, 89, 129),
(1508, 90, 129),
(1509, 91, 129),
(1510, 92, 129),
(1511, 93, 129),
(1512, 94, 129),
(1513, 95, 129),
(1514, 96, 129),
(1515, 97, 129),
(1516, 98, 129),
(1517, 99, 129),
(1518, 100, 129),
(1519, 101, 129),
(1520, 102, 129),
(1521, 103, 129),
(1522, 104, 129),
(1523, 105, 129),
(1524, 106, 129),
(1525, 107, 129),
(1526, 108, 129),
(1527, 109, 129),
(1528, 110, 129),
(1529, 112, 129),
(1530, 113, 129),
(1531, 114, 129),
(1532, 116, 129),
(1533, 117, 129),
(1534, 1, 130),
(1535, 3, 130),
(1536, 4, 130),
(1537, 6, 130),
(1538, 7, 130),
(1539, 8, 130),
(1540, 10, 130),
(1541, 11, 130),
(1542, 12, 130),
(1543, 13, 130),
(1544, 14, 130),
(1545, 15, 130),
(1546, 17, 130),
(1547, 18, 130),
(1548, 19, 130),
(1549, 20, 130),
(1550, 21, 130),
(1551, 22, 130),
(1552, 23, 130),
(1553, 24, 130),
(1554, 25, 130),
(1555, 27, 130),
(1556, 28, 130),
(1557, 29, 130),
(1558, 30, 130),
(1559, 31, 130),
(1560, 32, 130),
(1561, 33, 130),
(1562, 34, 130),
(1563, 35, 130),
(1564, 36, 130),
(1565, 37, 130),
(1566, 38, 130),
(1567, 39, 130),
(1568, 40, 130),
(1569, 41, 130),
(1570, 42, 130),
(1571, 43, 130),
(1572, 44, 130),
(1573, 45, 130),
(1574, 46, 130),
(1575, 50, 130),
(1576, 51, 130),
(1577, 52, 130),
(1578, 53, 130),
(1579, 54, 130),
(1580, 55, 130),
(1581, 56, 130),
(1582, 57, 130),
(1583, 58, 130),
(1584, 59, 130),
(1585, 60, 130),
(1586, 61, 130),
(1587, 62, 130),
(1588, 63, 130),
(1589, 64, 130),
(1590, 65, 130),
(1591, 66, 130),
(1592, 67, 130),
(1593, 68, 130),
(1594, 69, 130),
(1595, 70, 130),
(1596, 71, 130),
(1597, 72, 130),
(1598, 73, 130),
(1599, 74, 130),
(1600, 75, 130),
(1601, 76, 130),
(1602, 77, 130),
(1603, 78, 130),
(1604, 79, 130),
(1605, 81, 130),
(1606, 82, 130),
(1607, 83, 130),
(1608, 84, 130),
(1609, 85, 130),
(1610, 86, 130),
(1611, 87, 130),
(1612, 88, 130),
(1613, 89, 130),
(1614, 90, 130),
(1615, 91, 130),
(1616, 92, 130),
(1617, 93, 130),
(1618, 94, 130),
(1619, 95, 130),
(1620, 96, 130),
(1621, 97, 130),
(1622, 98, 130),
(1623, 99, 130),
(1624, 100, 130),
(1625, 101, 130),
(1626, 102, 130),
(1627, 103, 130),
(1628, 104, 130),
(1629, 105, 130),
(1630, 106, 130),
(1631, 107, 130),
(1632, 108, 130),
(1633, 109, 130),
(1634, 110, 130),
(1635, 112, 130),
(1636, 113, 130),
(1637, 114, 130),
(1638, 116, 130),
(1639, 117, 130),
(1640, 1, 131),
(1641, 3, 131),
(1642, 4, 131),
(1643, 6, 131),
(1644, 7, 131),
(1645, 8, 131),
(1646, 10, 131),
(1647, 11, 131),
(1648, 12, 131),
(1649, 13, 131),
(1650, 14, 131),
(1651, 15, 131),
(1652, 17, 131),
(1653, 18, 131),
(1654, 19, 131),
(1655, 20, 131),
(1656, 21, 131),
(1657, 22, 131),
(1658, 23, 131),
(1659, 24, 131),
(1660, 25, 131),
(1661, 27, 131),
(1662, 28, 131),
(1663, 29, 131),
(1664, 30, 131),
(1665, 31, 131),
(1666, 32, 131),
(1667, 33, 131),
(1668, 34, 131),
(1669, 35, 131),
(1670, 36, 131),
(1671, 37, 131),
(1672, 38, 131),
(1673, 39, 131),
(1674, 40, 131),
(1675, 41, 131),
(1676, 42, 131),
(1677, 43, 131),
(1678, 44, 131),
(1679, 45, 131),
(1680, 46, 131),
(1681, 50, 131),
(1682, 51, 131),
(1683, 52, 131),
(1684, 53, 131),
(1685, 54, 131),
(1686, 55, 131),
(1687, 56, 131),
(1688, 57, 131),
(1689, 58, 131),
(1690, 59, 131),
(1691, 60, 131),
(1692, 61, 131),
(1693, 62, 131),
(1694, 63, 131),
(1695, 64, 131),
(1696, 65, 131),
(1697, 66, 131),
(1698, 67, 131),
(1699, 68, 131),
(1700, 69, 131),
(1701, 70, 131),
(1702, 71, 131),
(1703, 72, 131),
(1704, 73, 131),
(1705, 74, 131),
(1706, 75, 131),
(1707, 76, 131),
(1708, 77, 131),
(1709, 78, 131),
(1710, 79, 131),
(1711, 81, 131),
(1712, 82, 131),
(1713, 83, 131),
(1714, 84, 131),
(1715, 85, 131),
(1716, 86, 131),
(1717, 87, 131),
(1718, 88, 131),
(1719, 89, 131),
(1720, 90, 131),
(1721, 91, 131),
(1722, 92, 131),
(1723, 93, 131),
(1724, 94, 131),
(1725, 95, 131),
(1726, 96, 131),
(1727, 97, 131),
(1728, 98, 131),
(1729, 99, 131),
(1730, 100, 131),
(1731, 101, 131),
(1732, 102, 131),
(1733, 103, 131),
(1734, 104, 131),
(1735, 105, 131),
(1736, 106, 131),
(1737, 107, 131),
(1738, 108, 131),
(1739, 109, 131),
(1740, 110, 131),
(1741, 112, 131),
(1742, 113, 131),
(1743, 114, 131),
(1744, 116, 131),
(1745, 117, 131),
(1746, 1, 132),
(1747, 3, 132),
(1748, 4, 132),
(1749, 6, 132),
(1750, 7, 132),
(1751, 8, 132),
(1752, 10, 132),
(1753, 11, 132),
(1754, 12, 132),
(1755, 13, 132),
(1756, 14, 132),
(1757, 15, 132),
(1758, 17, 132),
(1759, 18, 132),
(1760, 19, 132),
(1761, 20, 132),
(1762, 21, 132),
(1763, 22, 132),
(1764, 23, 132),
(1765, 24, 132),
(1766, 25, 132),
(1767, 27, 132),
(1768, 28, 132),
(1769, 29, 132),
(1770, 30, 132),
(1771, 31, 132),
(1772, 32, 132),
(1773, 33, 132),
(1774, 34, 132),
(1775, 35, 132),
(1776, 36, 132),
(1777, 37, 132),
(1778, 38, 132),
(1779, 39, 132),
(1780, 40, 132),
(1781, 41, 132),
(1782, 42, 132),
(1783, 43, 132),
(1784, 44, 132),
(1785, 45, 132),
(1786, 46, 132),
(1787, 50, 132),
(1788, 51, 132),
(1789, 52, 132),
(1790, 53, 132),
(1791, 54, 132),
(1792, 55, 132),
(1793, 56, 132),
(1794, 57, 132),
(1795, 58, 132),
(1796, 59, 132),
(1797, 60, 132),
(1798, 61, 132),
(1799, 62, 132),
(1800, 63, 132),
(1801, 64, 132),
(1802, 65, 132),
(1803, 66, 132),
(1804, 67, 132),
(1805, 68, 132),
(1806, 69, 132),
(1807, 70, 132),
(1808, 71, 132),
(1809, 72, 132),
(1810, 73, 132),
(1811, 74, 132),
(1812, 75, 132),
(1813, 76, 132),
(1814, 77, 132),
(1815, 78, 132),
(1816, 79, 132),
(1817, 81, 132),
(1818, 82, 132),
(1819, 83, 132),
(1820, 84, 132),
(1821, 85, 132),
(1822, 86, 132),
(1823, 87, 132),
(1824, 88, 132),
(1825, 89, 132),
(1826, 90, 132),
(1827, 91, 132),
(1828, 92, 132),
(1829, 93, 132),
(1830, 94, 132),
(1831, 95, 132),
(1832, 96, 132),
(1833, 97, 132),
(1834, 98, 132),
(1835, 99, 132),
(1836, 100, 132),
(1837, 101, 132),
(1838, 102, 132),
(1839, 103, 132),
(1840, 104, 132),
(1841, 105, 132),
(1842, 106, 132),
(1843, 107, 132),
(1844, 108, 132),
(1845, 109, 132),
(1846, 110, 132),
(1847, 112, 132),
(1848, 113, 132),
(1849, 114, 132),
(1850, 116, 132),
(1851, 117, 132),
(1852, 1, 133),
(1853, 3, 133),
(1854, 4, 133),
(1855, 6, 133),
(1856, 7, 133),
(1857, 8, 133),
(1858, 10, 133),
(1859, 11, 133),
(1860, 12, 133),
(1861, 13, 133),
(1862, 14, 133),
(1863, 15, 133),
(1864, 17, 133),
(1865, 18, 133),
(1866, 19, 133),
(1867, 20, 133),
(1868, 21, 133),
(1869, 22, 133),
(1870, 23, 133),
(1871, 24, 133),
(1872, 25, 133),
(1873, 27, 133),
(1874, 28, 133),
(1875, 29, 133),
(1876, 30, 133),
(1877, 31, 133),
(1878, 32, 133),
(1879, 33, 133),
(1880, 34, 133),
(1881, 35, 133),
(1882, 36, 133),
(1883, 37, 133),
(1884, 38, 133),
(1885, 39, 133),
(1886, 40, 133),
(1887, 41, 133),
(1888, 42, 133),
(1889, 43, 133),
(1890, 44, 133),
(1891, 45, 133),
(1892, 46, 133),
(1893, 50, 133),
(1894, 51, 133),
(1895, 52, 133),
(1896, 53, 133),
(1897, 54, 133),
(1898, 55, 133),
(1899, 56, 133),
(1900, 57, 133),
(1901, 58, 133),
(1902, 59, 133),
(1903, 60, 133),
(1904, 61, 133),
(1905, 62, 133),
(1906, 63, 133),
(1907, 64, 133),
(1908, 65, 133),
(1909, 66, 133),
(1910, 67, 133),
(1911, 68, 133),
(1912, 69, 133),
(1913, 70, 133),
(1914, 71, 133),
(1915, 72, 133),
(1916, 73, 133),
(1917, 74, 133),
(1918, 75, 133),
(1919, 76, 133),
(1920, 77, 133),
(1921, 78, 133),
(1922, 79, 133),
(1923, 81, 133),
(1924, 82, 133),
(1925, 83, 133),
(1926, 84, 133),
(1927, 85, 133),
(1928, 86, 133),
(1929, 87, 133),
(1930, 88, 133),
(1931, 89, 133),
(1932, 90, 133),
(1933, 91, 133),
(1934, 92, 133),
(1935, 93, 133),
(1936, 94, 133),
(1937, 95, 133),
(1938, 96, 133),
(1939, 97, 133),
(1940, 98, 133),
(1941, 99, 133),
(1942, 100, 133),
(1943, 101, 133),
(1944, 102, 133),
(1945, 103, 133),
(1946, 104, 133),
(1947, 105, 133),
(1948, 106, 133),
(1949, 107, 133),
(1950, 108, 133),
(1951, 109, 133),
(1952, 110, 133),
(1953, 112, 133),
(1954, 113, 133),
(1955, 114, 133),
(1956, 116, 133),
(1957, 117, 133),
(1958, 1, 134),
(1959, 3, 134),
(1960, 4, 134),
(1961, 6, 134),
(1962, 7, 134),
(1963, 8, 134),
(1964, 10, 134),
(1965, 11, 134),
(1966, 12, 134),
(1967, 13, 134),
(1968, 14, 134),
(1969, 15, 134),
(1970, 17, 134),
(1971, 18, 134),
(1972, 19, 134),
(1973, 20, 134),
(1974, 21, 134),
(1975, 22, 134),
(1976, 23, 134),
(1977, 24, 134),
(1978, 25, 134),
(1979, 27, 134),
(1980, 28, 134),
(1981, 29, 134),
(1982, 30, 134),
(1983, 31, 134),
(1984, 32, 134),
(1985, 33, 134),
(1986, 34, 134),
(1987, 35, 134),
(1988, 36, 134),
(1989, 37, 134),
(1990, 38, 134),
(1991, 39, 134),
(1992, 40, 134),
(1993, 41, 134),
(1994, 42, 134),
(1995, 43, 134),
(1996, 44, 134),
(1997, 45, 134),
(1998, 46, 134),
(1999, 50, 134),
(2000, 51, 134),
(2001, 52, 134),
(2002, 53, 134),
(2003, 54, 134),
(2004, 55, 134),
(2005, 56, 134),
(2006, 57, 134),
(2007, 58, 134),
(2008, 59, 134),
(2009, 60, 134),
(2010, 61, 134),
(2011, 62, 134),
(2012, 63, 134),
(2013, 64, 134),
(2014, 65, 134),
(2015, 66, 134),
(2016, 67, 134),
(2017, 68, 134),
(2018, 69, 134),
(2019, 70, 134),
(2020, 71, 134),
(2021, 72, 134),
(2022, 73, 134),
(2023, 74, 134),
(2024, 75, 134),
(2025, 76, 134),
(2026, 77, 134),
(2027, 78, 134),
(2028, 79, 134),
(2029, 81, 134),
(2030, 82, 134),
(2031, 83, 134),
(2032, 84, 134),
(2033, 85, 134),
(2034, 86, 134),
(2035, 87, 134),
(2036, 88, 134),
(2037, 89, 134),
(2038, 90, 134),
(2039, 91, 134),
(2040, 92, 134),
(2041, 93, 134),
(2042, 94, 134),
(2043, 95, 134),
(2044, 96, 134),
(2045, 97, 134),
(2046, 98, 134),
(2047, 99, 134),
(2048, 100, 134),
(2049, 101, 134),
(2050, 102, 134),
(2051, 103, 134),
(2052, 104, 134),
(2053, 105, 134),
(2054, 106, 134),
(2055, 107, 134),
(2056, 108, 134),
(2057, 109, 134),
(2058, 110, 134),
(2059, 112, 134),
(2060, 113, 134),
(2061, 114, 134),
(2062, 116, 134),
(2063, 117, 134),
(2064, 1, 135),
(2065, 3, 135),
(2066, 4, 135),
(2067, 6, 135),
(2068, 7, 135),
(2069, 8, 135),
(2070, 10, 135),
(2071, 11, 135),
(2072, 12, 135),
(2073, 13, 135),
(2074, 14, 135),
(2075, 15, 135),
(2076, 17, 135),
(2077, 18, 135),
(2078, 19, 135),
(2079, 20, 135),
(2080, 21, 135),
(2081, 22, 135),
(2082, 23, 135),
(2083, 24, 135),
(2084, 25, 135),
(2085, 27, 135),
(2086, 28, 135),
(2087, 29, 135),
(2088, 30, 135),
(2089, 31, 135),
(2090, 32, 135),
(2091, 33, 135),
(2092, 34, 135),
(2093, 35, 135),
(2094, 36, 135),
(2095, 37, 135),
(2096, 38, 135),
(2097, 39, 135),
(2098, 40, 135),
(2099, 41, 135),
(2100, 42, 135),
(2101, 43, 135),
(2102, 44, 135),
(2103, 45, 135),
(2104, 46, 135),
(2105, 50, 135),
(2106, 51, 135),
(2107, 52, 135),
(2108, 53, 135),
(2109, 54, 135),
(2110, 55, 135),
(2111, 56, 135),
(2112, 57, 135),
(2113, 58, 135),
(2114, 59, 135),
(2115, 60, 135),
(2116, 61, 135),
(2117, 62, 135),
(2118, 63, 135),
(2119, 64, 135),
(2120, 65, 135),
(2121, 66, 135),
(2122, 67, 135),
(2123, 68, 135),
(2124, 69, 135),
(2125, 70, 135),
(2126, 71, 135),
(2127, 72, 135),
(2128, 73, 135),
(2129, 74, 135),
(2130, 75, 135),
(2131, 76, 135),
(2132, 77, 135),
(2133, 78, 135),
(2134, 79, 135),
(2135, 81, 135),
(2136, 82, 135),
(2137, 83, 135),
(2138, 84, 135),
(2139, 85, 135),
(2140, 86, 135),
(2141, 87, 135),
(2142, 88, 135),
(2143, 89, 135),
(2144, 90, 135),
(2145, 91, 135),
(2146, 92, 135),
(2147, 93, 135),
(2148, 94, 135),
(2149, 95, 135),
(2150, 96, 135),
(2151, 97, 135),
(2152, 98, 135),
(2153, 99, 135),
(2154, 100, 135),
(2155, 101, 135),
(2156, 102, 135),
(2157, 103, 135),
(2158, 104, 135),
(2159, 105, 135),
(2160, 106, 135),
(2161, 107, 135),
(2162, 108, 135),
(2163, 109, 135),
(2164, 110, 135),
(2165, 112, 135),
(2166, 113, 135),
(2167, 114, 135),
(2168, 116, 135),
(2169, 117, 135),
(2170, 1, 136),
(2171, 3, 136),
(2172, 4, 136),
(2173, 6, 136),
(2174, 7, 136),
(2175, 8, 136),
(2176, 10, 136),
(2177, 11, 136),
(2178, 12, 136),
(2179, 13, 136),
(2180, 14, 136),
(2181, 15, 136),
(2182, 17, 136),
(2183, 18, 136),
(2184, 19, 136),
(2185, 20, 136),
(2186, 21, 136),
(2187, 22, 136),
(2188, 23, 136),
(2189, 24, 136),
(2190, 25, 136),
(2191, 27, 136),
(2192, 28, 136),
(2193, 29, 136),
(2194, 30, 136),
(2195, 31, 136),
(2196, 32, 136),
(2197, 33, 136),
(2198, 34, 136),
(2199, 35, 136),
(2200, 36, 136),
(2201, 37, 136),
(2202, 38, 136),
(2203, 39, 136),
(2204, 40, 136),
(2205, 41, 136),
(2206, 42, 136),
(2207, 43, 136),
(2208, 44, 136),
(2209, 45, 136),
(2210, 46, 136),
(2211, 50, 136),
(2212, 51, 136),
(2213, 52, 136),
(2214, 53, 136),
(2215, 54, 136),
(2216, 55, 136),
(2217, 56, 136),
(2218, 57, 136),
(2219, 58, 136),
(2220, 59, 136),
(2221, 60, 136),
(2222, 61, 136),
(2223, 62, 136),
(2224, 63, 136),
(2225, 64, 136),
(2226, 65, 136),
(2227, 66, 136),
(2228, 67, 136),
(2229, 68, 136),
(2230, 69, 136),
(2231, 70, 136),
(2232, 71, 136),
(2233, 72, 136),
(2234, 73, 136),
(2235, 74, 136),
(2236, 75, 136),
(2237, 76, 136),
(2238, 77, 136),
(2239, 78, 136),
(2240, 79, 136),
(2241, 81, 136),
(2242, 82, 136),
(2243, 83, 136),
(2244, 84, 136),
(2245, 85, 136),
(2246, 86, 136),
(2247, 87, 136),
(2248, 88, 136),
(2249, 89, 136),
(2250, 90, 136),
(2251, 91, 136),
(2252, 92, 136),
(2253, 93, 136),
(2254, 94, 136),
(2255, 95, 136),
(2256, 96, 136),
(2257, 97, 136),
(2258, 98, 136),
(2259, 99, 136),
(2260, 100, 136),
(2261, 101, 136),
(2262, 102, 136),
(2263, 103, 136),
(2264, 104, 136),
(2265, 105, 136),
(2266, 106, 136),
(2267, 107, 136),
(2268, 108, 136),
(2269, 109, 136),
(2270, 110, 136),
(2271, 112, 136),
(2272, 113, 136),
(2273, 114, 136),
(2274, 116, 136),
(2275, 117, 136),
(2276, 1, 137),
(2277, 3, 137),
(2278, 4, 137),
(2279, 6, 137),
(2280, 7, 137),
(2281, 8, 137),
(2282, 10, 137),
(2283, 11, 137),
(2284, 12, 137),
(2285, 13, 137),
(2286, 14, 137),
(2287, 15, 137),
(2288, 17, 137),
(2289, 18, 137),
(2290, 19, 137),
(2291, 20, 137),
(2292, 21, 137),
(2293, 22, 137),
(2294, 23, 137),
(2295, 24, 137),
(2296, 25, 137),
(2297, 27, 137),
(2298, 28, 137),
(2299, 29, 137),
(2300, 30, 137),
(2301, 31, 137),
(2302, 32, 137),
(2303, 33, 137),
(2304, 34, 137),
(2305, 35, 137),
(2306, 36, 137),
(2307, 37, 137),
(2308, 38, 137),
(2309, 39, 137),
(2310, 40, 137),
(2311, 41, 137),
(2312, 42, 137),
(2313, 43, 137),
(2314, 44, 137),
(2315, 45, 137),
(2316, 46, 137),
(2317, 50, 137),
(2318, 51, 137),
(2319, 52, 137),
(2320, 53, 137),
(2321, 54, 137),
(2322, 55, 137),
(2323, 56, 137),
(2324, 57, 137),
(2325, 58, 137),
(2326, 59, 137),
(2327, 60, 137),
(2328, 61, 137),
(2329, 62, 137),
(2330, 63, 137),
(2331, 64, 137),
(2332, 65, 137),
(2333, 66, 137),
(2334, 67, 137),
(2335, 68, 137),
(2336, 69, 137),
(2337, 70, 137),
(2338, 71, 137),
(2339, 72, 137),
(2340, 73, 137),
(2341, 74, 137),
(2342, 75, 137),
(2343, 76, 137),
(2344, 77, 137),
(2345, 78, 137),
(2346, 79, 137),
(2347, 81, 137),
(2348, 82, 137),
(2349, 83, 137),
(2350, 84, 137),
(2351, 85, 137),
(2352, 86, 137),
(2353, 87, 137),
(2354, 88, 137),
(2355, 89, 137),
(2356, 90, 137),
(2357, 91, 137),
(2358, 92, 137),
(2359, 93, 137),
(2360, 94, 137),
(2361, 95, 137),
(2362, 96, 137),
(2363, 97, 137),
(2364, 98, 137),
(2365, 99, 137),
(2366, 100, 137),
(2367, 101, 137),
(2368, 102, 137),
(2369, 103, 137),
(2370, 104, 137),
(2371, 105, 137),
(2372, 106, 137),
(2373, 107, 137),
(2374, 108, 137),
(2375, 109, 137),
(2376, 110, 137),
(2377, 112, 137),
(2378, 113, 137),
(2379, 114, 137),
(2380, 116, 137),
(2381, 117, 137),
(2382, 1, 138),
(2383, 3, 138),
(2384, 4, 138),
(2385, 6, 138),
(2386, 7, 138),
(2387, 8, 138),
(2388, 10, 138),
(2389, 11, 138),
(2390, 12, 138),
(2391, 13, 138),
(2392, 14, 138),
(2393, 15, 138),
(2394, 17, 138),
(2395, 18, 138),
(2396, 19, 138),
(2397, 20, 138),
(2398, 21, 138),
(2399, 22, 138),
(2400, 23, 138),
(2401, 24, 138),
(2402, 25, 138),
(2403, 27, 138),
(2404, 28, 138),
(2405, 29, 138),
(2406, 30, 138),
(2407, 31, 138),
(2408, 32, 138),
(2409, 33, 138),
(2410, 34, 138),
(2411, 35, 138),
(2412, 36, 138),
(2413, 37, 138),
(2414, 38, 138),
(2415, 39, 138),
(2416, 40, 138),
(2417, 41, 138),
(2418, 42, 138),
(2419, 43, 138),
(2420, 44, 138),
(2421, 45, 138),
(2422, 46, 138),
(2423, 50, 138),
(2424, 51, 138),
(2425, 52, 138),
(2426, 53, 138),
(2427, 54, 138),
(2428, 55, 138),
(2429, 56, 138),
(2430, 57, 138),
(2431, 58, 138),
(2432, 59, 138),
(2433, 60, 138),
(2434, 61, 138),
(2435, 62, 138),
(2436, 63, 138),
(2437, 64, 138),
(2438, 65, 138),
(2439, 66, 138),
(2440, 67, 138),
(2441, 68, 138),
(2442, 69, 138),
(2443, 70, 138),
(2444, 71, 138),
(2445, 72, 138),
(2446, 73, 138),
(2447, 74, 138),
(2448, 75, 138),
(2449, 76, 138),
(2450, 77, 138),
(2451, 78, 138),
(2452, 79, 138),
(2453, 81, 138),
(2454, 82, 138),
(2455, 83, 138),
(2456, 84, 138),
(2457, 85, 138),
(2458, 86, 138),
(2459, 87, 138),
(2460, 88, 138),
(2461, 89, 138),
(2462, 90, 138),
(2463, 91, 138),
(2464, 92, 138),
(2465, 93, 138),
(2466, 94, 138),
(2467, 95, 138),
(2468, 96, 138),
(2469, 97, 138),
(2470, 98, 138),
(2471, 99, 138),
(2472, 100, 138),
(2473, 101, 138),
(2474, 102, 138),
(2475, 103, 138),
(2476, 104, 138),
(2477, 105, 138),
(2478, 106, 138),
(2479, 107, 138),
(2480, 108, 138),
(2481, 109, 138),
(2482, 110, 138),
(2483, 112, 138),
(2484, 113, 138),
(2485, 114, 138),
(2486, 116, 138),
(2487, 117, 138),
(2488, 1, 139),
(2489, 3, 139),
(2490, 4, 139),
(2491, 6, 139),
(2492, 7, 139),
(2493, 8, 139),
(2494, 10, 139),
(2495, 11, 139),
(2496, 12, 139),
(2497, 13, 139),
(2498, 14, 139),
(2499, 15, 139),
(2500, 17, 139),
(2501, 18, 139),
(2502, 19, 139),
(2503, 20, 139),
(2504, 21, 139),
(2505, 22, 139),
(2506, 23, 139),
(2507, 24, 139),
(2508, 25, 139),
(2509, 27, 139),
(2510, 28, 139),
(2511, 29, 139),
(2512, 30, 139),
(2513, 31, 139),
(2514, 32, 139),
(2515, 33, 139),
(2516, 34, 139),
(2517, 35, 139),
(2518, 36, 139),
(2519, 37, 139),
(2520, 38, 139),
(2521, 39, 139),
(2522, 40, 139),
(2523, 41, 139),
(2524, 42, 139),
(2525, 43, 139),
(2526, 44, 139),
(2527, 45, 139),
(2528, 46, 139),
(2529, 50, 139),
(2530, 51, 139),
(2531, 52, 139),
(2532, 53, 139),
(2533, 54, 139),
(2534, 55, 139),
(2535, 56, 139),
(2536, 57, 139),
(2537, 58, 139),
(2538, 59, 139),
(2539, 60, 139),
(2540, 61, 139),
(2541, 62, 139),
(2542, 63, 139),
(2543, 64, 139),
(2544, 65, 139),
(2545, 66, 139),
(2546, 67, 139),
(2547, 68, 139),
(2548, 69, 139),
(2549, 70, 139),
(2550, 71, 139),
(2551, 72, 139),
(2552, 73, 139),
(2553, 74, 139),
(2554, 75, 139),
(2555, 76, 139),
(2556, 77, 139),
(2557, 78, 139),
(2558, 79, 139),
(2559, 81, 139),
(2560, 82, 139),
(2561, 83, 139),
(2562, 84, 139),
(2563, 85, 139),
(2564, 86, 139),
(2565, 87, 139),
(2566, 88, 139),
(2567, 89, 139),
(2568, 90, 139),
(2569, 91, 139),
(2570, 92, 139),
(2571, 93, 139),
(2572, 94, 139),
(2573, 95, 139),
(2574, 96, 139),
(2575, 97, 139),
(2576, 98, 139),
(2577, 99, 139),
(2578, 100, 139),
(2579, 101, 139),
(2580, 102, 139),
(2581, 103, 139),
(2582, 104, 139),
(2583, 105, 139),
(2584, 106, 139),
(2585, 107, 139),
(2586, 108, 139),
(2587, 109, 139),
(2588, 110, 139),
(2589, 112, 139),
(2590, 113, 139),
(2591, 114, 139),
(2592, 116, 139),
(2593, 117, 139),
(2594, 1, 140),
(2595, 3, 140),
(2596, 4, 140),
(2597, 6, 140),
(2598, 7, 140),
(2599, 8, 140),
(2600, 10, 140),
(2601, 11, 140),
(2602, 12, 140),
(2603, 13, 140),
(2604, 14, 140),
(2605, 15, 140),
(2606, 17, 140),
(2607, 18, 140),
(2608, 19, 140),
(2609, 20, 140),
(2610, 21, 140),
(2611, 22, 140),
(2612, 23, 140),
(2613, 24, 140),
(2614, 25, 140),
(2615, 27, 140),
(2616, 28, 140),
(2617, 29, 140),
(2618, 30, 140),
(2619, 31, 140),
(2620, 32, 140),
(2621, 33, 140),
(2622, 34, 140),
(2623, 35, 140),
(2624, 36, 140),
(2625, 37, 140),
(2626, 38, 140),
(2627, 39, 140),
(2628, 40, 140),
(2629, 41, 140),
(2630, 42, 140),
(2631, 43, 140),
(2632, 44, 140),
(2633, 45, 140),
(2634, 46, 140),
(2635, 50, 140),
(2636, 51, 140),
(2637, 52, 140),
(2638, 53, 140),
(2639, 54, 140),
(2640, 55, 140),
(2641, 56, 140),
(2642, 57, 140),
(2643, 58, 140),
(2644, 59, 140),
(2645, 60, 140),
(2646, 61, 140),
(2647, 62, 140),
(2648, 63, 140),
(2649, 64, 140),
(2650, 65, 140),
(2651, 66, 140),
(2652, 67, 140),
(2653, 68, 140),
(2654, 69, 140),
(2655, 70, 140),
(2656, 71, 140),
(2657, 72, 140),
(2658, 73, 140),
(2659, 74, 140),
(2660, 75, 140),
(2661, 76, 140),
(2662, 77, 140),
(2663, 78, 140),
(2664, 79, 140),
(2665, 81, 140),
(2666, 82, 140),
(2667, 83, 140),
(2668, 84, 140),
(2669, 85, 140),
(2670, 86, 140),
(2671, 87, 140),
(2672, 88, 140),
(2673, 89, 140),
(2674, 90, 140),
(2675, 91, 140),
(2676, 92, 140),
(2677, 93, 140),
(2678, 94, 140),
(2679, 95, 140),
(2680, 96, 140),
(2681, 97, 140),
(2682, 98, 140),
(2683, 99, 140),
(2684, 100, 140),
(2685, 101, 140),
(2686, 102, 140),
(2687, 103, 140),
(2688, 104, 140),
(2689, 105, 140),
(2690, 106, 140),
(2691, 107, 140),
(2692, 108, 140),
(2693, 109, 140),
(2694, 110, 140),
(2695, 112, 140),
(2696, 113, 140),
(2697, 114, 140),
(2698, 116, 140),
(2699, 117, 140),
(2700, 1, 141),
(2701, 1, 142),
(2702, 3, 142),
(2703, 6, 142),
(2704, 10, 142),
(2705, 11, 142),
(2706, 12, 142),
(2707, 13, 142),
(2708, 14, 142),
(2709, 17, 142),
(2710, 18, 142),
(2711, 19, 142),
(2712, 20, 142),
(2713, 21, 142),
(2714, 22, 142),
(2715, 23, 142),
(2716, 24, 142),
(2717, 27, 142),
(2718, 28, 142),
(2719, 29, 142),
(2720, 31, 142),
(2721, 32, 142),
(2722, 35, 142),
(2723, 43, 142),
(2724, 45, 142),
(2725, 54, 142),
(2726, 55, 142),
(2727, 56, 142),
(2728, 57, 142),
(2729, 58, 142),
(2730, 59, 142),
(2731, 62, 142),
(2732, 64, 142),
(2733, 65, 142),
(2734, 70, 142),
(2735, 79, 142),
(2736, 82, 142),
(2737, 83, 142),
(2738, 84, 142),
(2739, 85, 142),
(2740, 86, 142),
(2741, 87, 142),
(2742, 88, 142),
(2743, 89, 142),
(2744, 90, 142),
(2745, 91, 142),
(2746, 92, 142),
(2747, 93, 142),
(2748, 95, 142),
(2749, 96, 142),
(2750, 97, 142),
(2751, 98, 142),
(2752, 99, 142),
(2753, 100, 142),
(2754, 101, 142),
(2755, 102, 142),
(2756, 103, 142),
(2757, 104, 142),
(2758, 105, 142),
(2759, 106, 142),
(2760, 107, 142),
(2761, 108, 142),
(2762, 110, 142),
(2763, 112, 142),
(2764, 113, 142),
(2765, 114, 142),
(2766, 117, 142),
(2767, 43, 143),
(2768, 44, 143),
(2769, 45, 143),
(2770, 62, 143),
(2771, 42, 144),
(2772, 62, 145),
(2773, 1, 146),
(2774, 4, 146),
(2775, 10, 146),
(2776, 11, 146),
(2777, 12, 146),
(2778, 13, 146),
(2779, 14, 146),
(2780, 15, 146),
(2781, 20, 146),
(2782, 21, 146),
(2783, 22, 146),
(2784, 23, 146),
(2785, 24, 146),
(2786, 25, 146),
(2787, 27, 146),
(2788, 28, 146),
(2789, 29, 146),
(2790, 30, 146),
(2791, 31, 146),
(2792, 56, 146),
(2793, 57, 146),
(2794, 58, 146),
(2795, 59, 146),
(2796, 60, 146),
(2797, 64, 146),
(2798, 65, 146),
(2799, 67, 146),
(2800, 68, 146),
(2801, 69, 146),
(2802, 70, 146),
(2803, 71, 146),
(2804, 74, 146),
(2805, 79, 146),
(2806, 81, 146),
(2807, 82, 146),
(2808, 83, 146),
(2809, 84, 146),
(2810, 85, 146),
(2811, 86, 146),
(2812, 87, 146),
(2813, 88, 146),
(2814, 89, 146),
(2815, 90, 146),
(2816, 91, 146),
(2817, 92, 146),
(2818, 93, 146),
(2819, 108, 146),
(2820, 110, 146),
(2821, 1, 149),
(2822, 1, 150),
(2823, 1, 151),
(2824, 1, 152),
(2825, 1, 153),
(2826, 1, 154),
(2827, 13, 155),
(2828, 20, 155),
(2829, 21, 155),
(2830, 22, 155),
(2831, 29, 155),
(2832, 31, 155),
(2833, 37, 155),
(2834, 38, 155),
(2835, 41, 155),
(2836, 43, 155),
(2837, 54, 155),
(2838, 56, 155),
(2839, 62, 155),
(2840, 79, 155),
(2841, 85, 155),
(2842, 86, 155),
(2843, 87, 155),
(2844, 88, 155),
(2845, 112, 155),
(2846, 113, 155),
(2847, 114, 155),
(2848, 44, 156),
(2849, 61, 156),
(2850, 62, 156),
(2851, 1, 158),
(2852, 1, 159),
(2853, 1, 160),
(2854, 1, 161),
(2855, 3, 161),
(2856, 4, 161),
(2857, 6, 161),
(2858, 7, 161),
(2859, 8, 161),
(2860, 10, 161),
(2861, 11, 161),
(2862, 12, 161),
(2863, 13, 161),
(2864, 14, 161),
(2865, 15, 161),
(2866, 17, 161),
(2867, 18, 161),
(2868, 19, 161),
(2869, 20, 161),
(2870, 21, 161),
(2871, 22, 161),
(2872, 23, 161),
(2873, 24, 161),
(2874, 25, 161),
(2875, 27, 161),
(2876, 28, 161),
(2877, 29, 161),
(2878, 30, 161),
(2879, 31, 161),
(2880, 32, 161),
(2881, 33, 161),
(2882, 34, 161),
(2883, 35, 161),
(2884, 36, 161),
(2885, 37, 161),
(2886, 38, 161),
(2887, 39, 161),
(2888, 40, 161),
(2889, 41, 161),
(2890, 42, 161),
(2891, 43, 161),
(2892, 44, 161),
(2893, 45, 161),
(2894, 46, 161),
(2895, 50, 161),
(2896, 51, 161),
(2897, 52, 161),
(2898, 53, 161),
(2899, 54, 161),
(2900, 55, 161),
(2901, 56, 161),
(2902, 57, 161),
(2903, 58, 161),
(2904, 59, 161),
(2905, 60, 161),
(2906, 61, 161),
(2907, 62, 161),
(2908, 63, 161),
(2909, 64, 161),
(2910, 65, 161),
(2911, 66, 161),
(2912, 67, 161),
(2913, 68, 161),
(2914, 69, 161),
(2915, 70, 161),
(2916, 71, 161),
(2917, 72, 161),
(2918, 73, 161),
(2919, 74, 161),
(2920, 75, 161),
(2921, 76, 161),
(2922, 77, 161),
(2923, 78, 161),
(2924, 79, 161),
(2925, 81, 161),
(2926, 82, 161),
(2927, 83, 161),
(2928, 84, 161),
(2929, 85, 161),
(2930, 86, 161),
(2931, 87, 161),
(2932, 88, 161),
(2933, 89, 161),
(2934, 90, 161),
(2935, 91, 161),
(2936, 92, 161),
(2937, 93, 161),
(2938, 94, 161),
(2939, 95, 161),
(2940, 96, 161),
(2941, 97, 161),
(2942, 98, 161),
(2943, 99, 161),
(2944, 100, 161),
(2945, 101, 161),
(2946, 102, 161),
(2947, 103, 161),
(2948, 104, 161),
(2949, 105, 161),
(2950, 106, 161),
(2951, 107, 161),
(2952, 108, 161),
(2953, 109, 161),
(2954, 110, 161),
(2955, 112, 161),
(2956, 113, 161),
(2957, 114, 161),
(2958, 116, 161),
(2959, 117, 161),
(2960, 1, 162),
(2961, 3, 162),
(2962, 4, 162),
(2963, 6, 162),
(2964, 7, 162),
(2965, 8, 162),
(2966, 10, 162),
(2967, 11, 162),
(2968, 12, 162),
(2969, 13, 162),
(2970, 14, 162),
(2971, 15, 162),
(2972, 17, 162),
(2973, 18, 162),
(2974, 19, 162),
(2975, 20, 162),
(2976, 21, 162),
(2977, 22, 162),
(2978, 23, 162),
(2979, 24, 162),
(2980, 25, 162),
(2981, 27, 162),
(2982, 28, 162),
(2983, 29, 162),
(2984, 30, 162),
(2985, 31, 162),
(2986, 32, 162),
(2987, 33, 162),
(2988, 34, 162),
(2989, 35, 162),
(2990, 36, 162),
(2991, 37, 162),
(2992, 38, 162),
(2993, 39, 162),
(2994, 40, 162),
(2995, 41, 162),
(2996, 42, 162),
(2997, 43, 162),
(2998, 44, 162),
(2999, 45, 162),
(3000, 46, 162),
(3001, 50, 162),
(3002, 51, 162),
(3003, 52, 162),
(3004, 53, 162),
(3005, 54, 162),
(3006, 55, 162),
(3007, 56, 162),
(3008, 57, 162),
(3009, 58, 162),
(3010, 59, 162),
(3011, 60, 162),
(3012, 61, 162),
(3013, 62, 162),
(3014, 63, 162),
(3015, 64, 162),
(3016, 65, 162),
(3017, 66, 162),
(3018, 67, 162),
(3019, 68, 162),
(3020, 69, 162),
(3021, 70, 162),
(3022, 71, 162),
(3023, 72, 162),
(3024, 73, 162),
(3025, 74, 162),
(3026, 75, 162),
(3027, 76, 162),
(3028, 77, 162),
(3029, 78, 162),
(3030, 79, 162),
(3031, 81, 162),
(3032, 82, 162),
(3033, 83, 162),
(3034, 84, 162),
(3035, 85, 162),
(3036, 86, 162),
(3037, 87, 162),
(3038, 88, 162),
(3039, 89, 162),
(3040, 90, 162),
(3041, 91, 162),
(3042, 92, 162),
(3043, 93, 162),
(3044, 94, 162),
(3045, 95, 162),
(3046, 96, 162),
(3047, 97, 162),
(3048, 98, 162),
(3049, 99, 162),
(3050, 100, 162),
(3051, 101, 162),
(3052, 102, 162),
(3053, 103, 162),
(3054, 104, 162),
(3055, 105, 162),
(3056, 106, 162),
(3057, 107, 162),
(3058, 108, 162),
(3059, 109, 162),
(3060, 110, 162),
(3061, 112, 162),
(3062, 113, 162),
(3063, 114, 162),
(3064, 116, 162),
(3065, 117, 162),
(3066, 1, 163),
(3067, 1, 164),
(3068, 1, 165),
(3069, 3, 165),
(3070, 4, 165),
(3071, 6, 165),
(3072, 7, 165),
(3073, 8, 165),
(3074, 10, 165),
(3075, 11, 165),
(3076, 12, 165),
(3077, 13, 165),
(3078, 14, 165),
(3079, 15, 165),
(3080, 17, 165),
(3081, 18, 165),
(3082, 19, 165),
(3083, 20, 165),
(3084, 21, 165),
(3085, 22, 165),
(3086, 23, 165),
(3087, 24, 165),
(3088, 25, 165),
(3089, 27, 165),
(3090, 28, 165),
(3091, 29, 165),
(3092, 30, 165),
(3093, 31, 165),
(3094, 32, 165),
(3095, 33, 165),
(3096, 34, 165),
(3097, 35, 165),
(3098, 36, 165),
(3099, 37, 165),
(3100, 38, 165),
(3101, 39, 165),
(3102, 40, 165),
(3103, 41, 165),
(3104, 42, 165),
(3105, 43, 165),
(3106, 44, 165),
(3107, 45, 165),
(3108, 46, 165),
(3109, 50, 165),
(3110, 51, 165),
(3111, 52, 165),
(3112, 53, 165),
(3113, 54, 165),
(3114, 55, 165),
(3115, 56, 165),
(3116, 57, 165),
(3117, 58, 165),
(3118, 59, 165),
(3119, 60, 165),
(3120, 61, 165),
(3121, 62, 165),
(3122, 63, 165),
(3123, 64, 165),
(3124, 65, 165),
(3125, 66, 165),
(3126, 67, 165),
(3127, 68, 165),
(3128, 69, 165),
(3129, 70, 165),
(3130, 71, 165),
(3131, 72, 165),
(3132, 73, 165),
(3133, 74, 165),
(3134, 75, 165),
(3135, 76, 165),
(3136, 77, 165),
(3137, 78, 165),
(3138, 79, 165),
(3139, 81, 165),
(3140, 82, 165),
(3141, 83, 165),
(3142, 84, 165),
(3143, 85, 165),
(3144, 86, 165),
(3145, 87, 165),
(3146, 88, 165),
(3147, 89, 165),
(3148, 90, 165),
(3149, 91, 165),
(3150, 92, 165),
(3151, 93, 165),
(3152, 94, 165),
(3153, 95, 165),
(3154, 96, 165),
(3155, 97, 165),
(3156, 98, 165),
(3157, 99, 165),
(3158, 100, 165),
(3159, 101, 165),
(3160, 102, 165),
(3161, 103, 165),
(3162, 104, 165),
(3163, 105, 165),
(3164, 106, 165),
(3165, 107, 165),
(3166, 108, 165),
(3167, 109, 165),
(3168, 110, 165),
(3169, 112, 165),
(3170, 113, 165),
(3171, 114, 165),
(3172, 116, 165),
(3173, 117, 165),
(3174, 1, 166),
(3175, 1, 167),
(3176, 1, 168),
(3177, 3, 168),
(3178, 4, 168),
(3179, 6, 168),
(3180, 7, 168),
(3181, 8, 168),
(3182, 10, 168),
(3183, 11, 168),
(3184, 12, 168),
(3185, 13, 168),
(3186, 14, 168),
(3187, 15, 168),
(3188, 17, 168),
(3189, 18, 168),
(3190, 19, 168),
(3191, 20, 168),
(3192, 21, 168),
(3193, 22, 168),
(3194, 23, 168),
(3195, 24, 168),
(3196, 25, 168),
(3197, 27, 168),
(3198, 28, 168),
(3199, 29, 168),
(3200, 30, 168),
(3201, 31, 168),
(3202, 32, 168),
(3203, 33, 168),
(3204, 34, 168),
(3205, 35, 168),
(3206, 36, 168),
(3207, 37, 168),
(3208, 38, 168),
(3209, 39, 168),
(3210, 40, 168),
(3211, 41, 168),
(3212, 42, 168),
(3213, 43, 168),
(3214, 44, 168),
(3215, 45, 168),
(3216, 46, 168),
(3217, 50, 168),
(3218, 51, 168),
(3219, 52, 168),
(3220, 53, 168),
(3221, 54, 168),
(3222, 55, 168),
(3223, 56, 168),
(3224, 57, 168),
(3225, 58, 168),
(3226, 59, 168),
(3227, 60, 168),
(3228, 61, 168),
(3229, 62, 168),
(3230, 63, 168),
(3231, 64, 168),
(3232, 65, 168),
(3233, 66, 168),
(3234, 67, 168),
(3235, 68, 168),
(3236, 69, 168),
(3237, 70, 168),
(3238, 71, 168),
(3239, 72, 168),
(3240, 73, 168),
(3241, 74, 168),
(3242, 75, 168),
(3243, 76, 168),
(3244, 77, 168),
(3245, 78, 168),
(3246, 79, 168),
(3247, 81, 168),
(3248, 82, 168),
(3249, 83, 168),
(3250, 84, 168),
(3251, 85, 168),
(3252, 86, 168),
(3253, 87, 168),
(3254, 88, 168),
(3255, 89, 168),
(3256, 90, 168),
(3257, 91, 168),
(3258, 92, 168),
(3259, 93, 168),
(3260, 94, 168),
(3261, 95, 168),
(3262, 96, 168),
(3263, 97, 168),
(3264, 98, 168),
(3265, 99, 168),
(3266, 100, 168),
(3267, 101, 168),
(3268, 102, 168),
(3269, 103, 168),
(3270, 104, 168),
(3271, 105, 168),
(3272, 106, 168),
(3273, 107, 168),
(3274, 108, 168),
(3275, 109, 168),
(3276, 110, 168),
(3277, 112, 168),
(3278, 113, 168),
(3279, 114, 168),
(3280, 116, 168),
(3281, 117, 168),
(3282, 66, 169),
(3283, 98, 169),
(3284, 6, 170),
(3285, 24, 170),
(3286, 25, 170),
(3287, 43, 170),
(3288, 45, 170),
(3289, 60, 170),
(3290, 10, 171),
(3291, 11, 171),
(3292, 12, 171),
(3293, 13, 171),
(3294, 14, 171),
(3295, 15, 171),
(3296, 17, 171),
(3297, 18, 171),
(3298, 19, 171),
(3299, 20, 171),
(3300, 21, 171),
(3301, 22, 171),
(3302, 27, 171),
(3303, 29, 171),
(3304, 52, 171),
(3305, 53, 171),
(3306, 56, 171),
(3307, 57, 171),
(3308, 63, 171),
(3309, 64, 171),
(3310, 65, 171),
(3311, 85, 171),
(3312, 86, 171),
(3313, 87, 171),
(3314, 88, 171),
(3315, 89, 171),
(3316, 90, 171),
(3317, 91, 171),
(3318, 92, 171),
(3319, 93, 171),
(3320, 110, 171),
(3321, 112, 171),
(3322, 113, 171),
(3323, 114, 171),
(3324, 1, 175),
(3325, 43, 175),
(3326, 61, 175),
(3327, 62, 175),
(3328, 1, 176),
(3329, 3, 176),
(3330, 6, 176),
(3331, 10, 176),
(3332, 11, 176),
(3333, 12, 176),
(3334, 13, 176),
(3335, 14, 176),
(3336, 15, 176),
(3337, 17, 176),
(3338, 18, 176),
(3339, 19, 176),
(3340, 20, 176),
(3341, 21, 176),
(3342, 22, 176),
(3343, 23, 176),
(3344, 24, 176),
(3345, 25, 176),
(3346, 27, 176),
(3347, 28, 176),
(3348, 29, 176),
(3349, 30, 176),
(3350, 31, 176),
(3351, 32, 176),
(3352, 33, 176),
(3353, 34, 176),
(3354, 35, 176),
(3355, 36, 176),
(3356, 37, 176),
(3357, 38, 176),
(3358, 39, 176),
(3359, 40, 176),
(3360, 41, 176),
(3361, 43, 176),
(3362, 44, 176),
(3363, 52, 176),
(3364, 53, 176),
(3365, 54, 176),
(3366, 55, 176),
(3367, 56, 176),
(3368, 57, 176),
(3369, 58, 176),
(3370, 59, 176),
(3371, 60, 176),
(3372, 61, 176),
(3373, 62, 176),
(3374, 63, 176),
(3375, 64, 176),
(3376, 65, 176),
(3377, 70, 176),
(3378, 71, 176),
(3379, 72, 176),
(3380, 73, 176),
(3381, 79, 176),
(3382, 81, 176),
(3383, 82, 176),
(3384, 83, 176),
(3385, 84, 176),
(3386, 85, 176),
(3387, 86, 176),
(3388, 87, 176),
(3389, 88, 176),
(3390, 89, 176),
(3391, 90, 176),
(3392, 91, 176),
(3393, 92, 176),
(3394, 93, 176),
(3395, 95, 176),
(3396, 96, 176);
INSERT INTO `reservation_item` (`id`, `item_id`, `reservation_id`) VALUES
(3397, 97, 176),
(3398, 98, 176),
(3399, 99, 176),
(3400, 100, 176),
(3401, 101, 176),
(3402, 102, 176),
(3403, 103, 176),
(3404, 104, 176),
(3405, 105, 176),
(3406, 106, 176),
(3407, 107, 176),
(3408, 108, 176),
(3409, 109, 176),
(3410, 110, 176),
(3411, 112, 176),
(3412, 113, 176),
(3413, 114, 176),
(3414, 117, 176),
(3415, 14, 177),
(3416, 15, 177),
(3417, 30, 177),
(3418, 31, 177),
(3419, 32, 177),
(3420, 33, 177),
(3421, 34, 177),
(3422, 37, 177),
(3423, 38, 177),
(3424, 39, 177),
(3425, 41, 177),
(3426, 52, 177),
(3427, 53, 177),
(3428, 81, 177),
(3429, 91, 177),
(3430, 92, 177),
(3431, 93, 177),
(3432, 101, 177),
(3433, 103, 177),
(3434, 104, 177),
(3435, 105, 177),
(3436, 110, 177),
(3437, 112, 177),
(3438, 113, 177),
(3439, 114, 177),
(3440, 3, 178),
(3441, 6, 178),
(3442, 76, 178),
(3443, 77, 178),
(3444, 1, 179),
(3445, 1, 180),
(3446, 6, 180),
(3447, 43, 180),
(3448, 61, 180),
(3449, 62, 180),
(3450, 62, 181),
(3451, 1, 182),
(3452, 3, 182),
(3453, 4, 182),
(3454, 6, 182),
(3455, 7, 182),
(3456, 8, 182),
(3457, 10, 182),
(3458, 11, 182),
(3459, 12, 182),
(3460, 13, 182),
(3461, 14, 182),
(3462, 15, 182),
(3463, 17, 182),
(3464, 18, 182),
(3465, 19, 182),
(3466, 20, 182),
(3467, 21, 182),
(3468, 22, 182),
(3469, 23, 182),
(3470, 24, 182),
(3471, 25, 182),
(3472, 27, 182),
(3473, 28, 182),
(3474, 29, 182),
(3475, 30, 182),
(3476, 31, 182),
(3477, 32, 182),
(3478, 33, 182),
(3479, 34, 182),
(3480, 35, 182),
(3481, 36, 182),
(3482, 37, 182),
(3483, 38, 182),
(3484, 39, 182),
(3485, 40, 182),
(3486, 41, 182),
(3487, 42, 182),
(3488, 43, 182),
(3489, 44, 182),
(3490, 45, 182),
(3491, 46, 182),
(3492, 50, 182),
(3493, 51, 182),
(3494, 52, 182),
(3495, 53, 182),
(3496, 54, 182),
(3497, 55, 182),
(3498, 56, 182),
(3499, 57, 182),
(3500, 58, 182),
(3501, 59, 182),
(3502, 60, 182),
(3503, 61, 182),
(3504, 62, 182),
(3505, 63, 182),
(3506, 64, 182),
(3507, 65, 182),
(3508, 66, 182),
(3509, 67, 182),
(3510, 68, 182),
(3511, 69, 182),
(3512, 70, 182),
(3513, 71, 182),
(3514, 72, 182),
(3515, 73, 182),
(3516, 74, 182),
(3517, 75, 182),
(3518, 76, 182),
(3519, 77, 182),
(3520, 78, 182),
(3521, 79, 182),
(3522, 81, 182),
(3523, 82, 182),
(3524, 83, 182),
(3525, 84, 182),
(3526, 85, 182),
(3527, 86, 182),
(3528, 87, 182),
(3529, 88, 182),
(3530, 89, 182),
(3531, 90, 182),
(3532, 91, 182),
(3533, 92, 182),
(3534, 93, 182),
(3535, 94, 182),
(3536, 95, 182),
(3537, 96, 182),
(3538, 97, 182),
(3539, 98, 182),
(3540, 99, 182),
(3541, 100, 182),
(3542, 101, 182),
(3543, 102, 182),
(3544, 103, 182),
(3545, 104, 182),
(3546, 105, 182),
(3547, 106, 182),
(3548, 107, 182),
(3549, 108, 182),
(3550, 109, 182),
(3551, 110, 182),
(3552, 112, 182),
(3553, 113, 182),
(3554, 114, 182),
(3555, 116, 182),
(3556, 117, 182),
(3557, 1, 184),
(3558, 1, 185),
(3559, 1, 186),
(3560, 1, 187),
(3561, 76, 188),
(3562, 95, 188),
(3563, 110, 188),
(3564, 113, 188),
(3565, 7, 189),
(3566, 8, 189),
(3567, 10, 189),
(3568, 12, 189),
(3569, 21, 189),
(3570, 22, 189),
(3571, 25, 189),
(3572, 29, 189),
(3573, 32, 189),
(3574, 35, 189),
(3575, 60, 189),
(3576, 76, 189),
(3577, 85, 189),
(3578, 98, 189),
(3579, 101, 189),
(3580, 104, 189),
(3581, 1, 190),
(3582, 10, 191),
(3583, 12, 191),
(3584, 29, 191),
(3585, 43, 191),
(3586, 44, 191),
(3587, 85, 191),
(3588, 103, 191),
(3589, 104, 191),
(3590, 10, 196),
(3591, 11, 196),
(3592, 12, 196),
(3593, 13, 196),
(3594, 17, 196),
(3595, 18, 196),
(3596, 20, 196),
(3597, 21, 196),
(3598, 22, 196),
(3599, 27, 196),
(3600, 28, 196),
(3601, 29, 196),
(3602, 30, 196),
(3603, 31, 196),
(3604, 32, 196),
(3605, 33, 196),
(3606, 34, 196),
(3607, 37, 196),
(3608, 38, 196),
(3609, 39, 196),
(3610, 40, 196),
(3611, 41, 196),
(3612, 43, 196),
(3613, 45, 196),
(3614, 52, 196),
(3615, 53, 196),
(3616, 54, 196),
(3617, 55, 196),
(3618, 56, 196),
(3619, 57, 196),
(3620, 62, 196),
(3621, 64, 196),
(3622, 65, 196),
(3623, 66, 196),
(3624, 79, 196),
(3625, 81, 196),
(3626, 82, 196),
(3627, 83, 196),
(3628, 84, 196),
(3629, 85, 196),
(3630, 86, 196),
(3631, 87, 196),
(3632, 88, 196),
(3633, 89, 196),
(3634, 90, 196),
(3635, 91, 196),
(3636, 92, 196),
(3637, 93, 196),
(3638, 101, 196),
(3639, 103, 196),
(3640, 104, 196),
(3641, 110, 196),
(3642, 113, 196),
(3643, 114, 196),
(3644, 4, 197),
(3645, 7, 197),
(3646, 6, 198),
(3647, 7, 198),
(3648, 8, 198),
(3649, 10, 198),
(3650, 12, 198),
(3651, 20, 198),
(3652, 21, 198),
(3653, 29, 198),
(3654, 32, 198),
(3655, 52, 198),
(3656, 53, 198),
(3657, 60, 198),
(3658, 76, 198),
(3659, 77, 198),
(3660, 85, 198),
(3661, 86, 198),
(3662, 87, 198),
(3663, 101, 198),
(3664, 103, 198),
(3665, 104, 198),
(3666, 105, 198),
(3667, 1, 199),
(3668, 1, 200),
(3669, 1, 201),
(3670, 10, 202),
(3671, 11, 202),
(3672, 12, 202),
(3673, 13, 202),
(3674, 14, 202),
(3675, 15, 202),
(3676, 17, 202),
(3677, 18, 202),
(3678, 19, 202),
(3679, 20, 202),
(3680, 21, 202),
(3681, 22, 202),
(3682, 27, 202),
(3683, 28, 202),
(3684, 29, 202),
(3685, 31, 202),
(3686, 32, 202),
(3687, 33, 202),
(3688, 34, 202),
(3689, 37, 202),
(3690, 38, 202),
(3691, 39, 202),
(3692, 40, 202),
(3693, 41, 202),
(3694, 52, 202),
(3695, 53, 202),
(3696, 54, 202),
(3697, 55, 202),
(3698, 56, 202),
(3699, 57, 202),
(3700, 63, 202),
(3701, 64, 202),
(3702, 65, 202),
(3703, 75, 202),
(3704, 78, 202),
(3705, 79, 202),
(3706, 82, 202),
(3707, 83, 202),
(3708, 84, 202),
(3709, 85, 202),
(3710, 86, 202),
(3711, 87, 202),
(3712, 88, 202),
(3713, 89, 202),
(3714, 90, 202),
(3715, 91, 202),
(3716, 92, 202),
(3717, 93, 202),
(3718, 101, 202),
(3719, 103, 202),
(3720, 104, 202),
(3721, 112, 202),
(3722, 113, 202),
(3723, 114, 202),
(3724, 6, 203),
(3725, 76, 203),
(3726, 77, 203),
(3727, 1, 205),
(3728, 6, 206),
(3729, 10, 206),
(3730, 12, 206),
(3731, 20, 206),
(3732, 21, 206),
(3733, 91, 206),
(3734, 92, 206),
(3735, 1, 207),
(3736, 1, 208),
(3737, 1, 210),
(3738, 46, 210),
(3739, 62, 210),
(3740, 1, 211),
(3741, 7, 212),
(3742, 8, 212),
(3743, 13, 212),
(3744, 14, 212),
(3745, 27, 212),
(3746, 28, 212),
(3747, 29, 212),
(3748, 31, 212),
(3749, 63, 212),
(3750, 66, 212),
(3751, 67, 212),
(3752, 79, 212),
(3753, 82, 212),
(3754, 83, 212),
(3755, 84, 212),
(3756, 85, 212),
(3757, 86, 212),
(3758, 87, 212),
(3759, 88, 212),
(3760, 89, 212),
(3761, 105, 212),
(3762, 106, 212),
(3763, 113, 212),
(3764, 114, 212),
(3765, 44, 213),
(3766, 45, 213),
(3767, 62, 213),
(3768, 1, 214),
(3769, 3, 214),
(3770, 10, 214),
(3771, 11, 214),
(3772, 12, 214),
(3773, 13, 214),
(3774, 14, 214),
(3775, 15, 214),
(3776, 17, 214),
(3777, 18, 214),
(3778, 19, 214),
(3779, 20, 214),
(3780, 21, 214),
(3781, 22, 214),
(3782, 23, 214),
(3783, 24, 214),
(3784, 25, 214),
(3785, 27, 214),
(3786, 28, 214),
(3787, 29, 214),
(3788, 30, 214),
(3789, 31, 214),
(3790, 32, 214),
(3791, 33, 214),
(3792, 34, 214),
(3793, 35, 214),
(3794, 36, 214),
(3795, 37, 214),
(3796, 38, 214),
(3797, 39, 214),
(3798, 40, 214),
(3799, 41, 214),
(3800, 43, 214),
(3801, 55, 214),
(3802, 56, 214),
(3803, 57, 214),
(3804, 58, 214),
(3805, 59, 214),
(3806, 60, 214),
(3807, 61, 214),
(3808, 62, 214),
(3809, 63, 214),
(3810, 64, 214),
(3811, 65, 214),
(3812, 70, 214),
(3813, 71, 214),
(3814, 72, 214),
(3815, 73, 214),
(3816, 79, 214),
(3817, 81, 214),
(3818, 82, 214),
(3819, 83, 214),
(3820, 84, 214),
(3821, 85, 214),
(3822, 86, 214),
(3823, 87, 214),
(3824, 88, 214),
(3825, 89, 214),
(3826, 90, 214),
(3827, 91, 214),
(3828, 92, 214),
(3829, 93, 214),
(3830, 95, 214),
(3831, 96, 214),
(3832, 97, 214),
(3833, 98, 214),
(3834, 99, 214),
(3835, 100, 214),
(3836, 101, 214),
(3837, 102, 214),
(3838, 103, 214),
(3839, 104, 214),
(3840, 105, 214),
(3841, 106, 214),
(3842, 107, 214),
(3843, 108, 214),
(3844, 109, 214),
(3845, 110, 214),
(3846, 112, 214),
(3847, 113, 214),
(3848, 114, 214),
(3849, 117, 214),
(3850, 1, 215),
(3851, 46, 215),
(3852, 62, 215),
(3853, 1, 216),
(3854, 46, 216),
(3855, 62, 216),
(3856, 1, 217),
(3857, 46, 217),
(3858, 62, 217),
(3859, 4, 218),
(3860, 7, 218),
(3861, 8, 218),
(3862, 18, 218),
(3863, 19, 218),
(3864, 27, 218),
(3865, 52, 218),
(3866, 53, 218),
(3867, 69, 218),
(3868, 72, 218),
(3869, 73, 218),
(3870, 74, 218),
(3871, 89, 218),
(3872, 90, 218),
(3873, 91, 218),
(3874, 92, 218),
(3875, 93, 218),
(3876, 108, 218),
(3877, 113, 218),
(3878, 114, 218),
(3879, 1, 219),
(3880, 1, 220),
(3881, 1, 222),
(3882, 3, 222),
(3883, 4, 222),
(3884, 6, 222),
(3885, 7, 222),
(3886, 8, 222),
(3887, 10, 222),
(3888, 11, 222),
(3889, 12, 222),
(3890, 13, 222),
(3891, 14, 222),
(3892, 15, 222),
(3893, 17, 222),
(3894, 18, 222),
(3895, 19, 222),
(3896, 20, 222),
(3897, 21, 222),
(3898, 22, 222),
(3899, 23, 222),
(3900, 24, 222),
(3901, 25, 222),
(3902, 27, 222),
(3903, 28, 222),
(3904, 29, 222),
(3905, 30, 222),
(3906, 31, 222),
(3907, 32, 222),
(3908, 33, 222),
(3909, 34, 222),
(3910, 35, 222),
(3911, 36, 222),
(3912, 37, 222),
(3913, 38, 222),
(3914, 39, 222),
(3915, 40, 222),
(3916, 41, 222),
(3917, 42, 222),
(3918, 43, 222),
(3919, 44, 222),
(3920, 45, 222),
(3921, 46, 222),
(3922, 50, 222),
(3923, 51, 222),
(3924, 52, 222),
(3925, 53, 222),
(3926, 54, 222),
(3927, 55, 222),
(3928, 56, 222),
(3929, 57, 222),
(3930, 58, 222),
(3931, 59, 222),
(3932, 60, 222),
(3933, 61, 222),
(3934, 62, 222),
(3935, 63, 222),
(3936, 64, 222),
(3937, 65, 222),
(3938, 66, 222),
(3939, 67, 222),
(3940, 68, 222),
(3941, 69, 222),
(3942, 70, 222),
(3943, 71, 222),
(3944, 72, 222),
(3945, 73, 222),
(3946, 74, 222),
(3947, 75, 222),
(3948, 76, 222),
(3949, 77, 222),
(3950, 78, 222),
(3951, 79, 222),
(3952, 81, 222),
(3953, 82, 222),
(3954, 83, 222),
(3955, 84, 222),
(3956, 85, 222),
(3957, 86, 222),
(3958, 87, 222),
(3959, 88, 222),
(3960, 89, 222),
(3961, 90, 222),
(3962, 91, 222),
(3963, 92, 222),
(3964, 93, 222),
(3965, 94, 222),
(3966, 95, 222),
(3967, 96, 222),
(3968, 97, 222),
(3969, 98, 222),
(3970, 99, 222),
(3971, 100, 222),
(3972, 101, 222),
(3973, 102, 222),
(3974, 103, 222),
(3975, 104, 222),
(3976, 105, 222),
(3977, 106, 222),
(3978, 107, 222),
(3979, 108, 222),
(3980, 109, 222),
(3981, 110, 222),
(3982, 112, 222),
(3983, 113, 222),
(3984, 114, 222),
(3985, 116, 222),
(3986, 117, 222),
(3987, 1, 223),
(3988, 3, 223),
(3989, 4, 223),
(3990, 6, 223),
(3991, 7, 223),
(3992, 8, 223),
(3993, 10, 223),
(3994, 11, 223),
(3995, 12, 223),
(3996, 13, 223),
(3997, 14, 223),
(3998, 15, 223),
(3999, 17, 223),
(4000, 18, 223),
(4001, 19, 223),
(4002, 20, 223),
(4003, 21, 223),
(4004, 22, 223),
(4005, 23, 223),
(4006, 24, 223),
(4007, 25, 223),
(4008, 27, 223),
(4009, 28, 223),
(4010, 29, 223),
(4011, 30, 223),
(4012, 31, 223),
(4013, 32, 223),
(4014, 33, 223),
(4015, 34, 223),
(4016, 35, 223),
(4017, 36, 223),
(4018, 37, 223),
(4019, 38, 223),
(4020, 39, 223),
(4021, 40, 223),
(4022, 41, 223),
(4023, 42, 223),
(4024, 43, 223),
(4025, 44, 223),
(4026, 45, 223),
(4027, 46, 223),
(4028, 50, 223),
(4029, 51, 223),
(4030, 52, 223),
(4031, 53, 223),
(4032, 54, 223),
(4033, 55, 223),
(4034, 56, 223),
(4035, 57, 223),
(4036, 58, 223),
(4037, 59, 223),
(4038, 60, 223),
(4039, 61, 223),
(4040, 62, 223),
(4041, 63, 223),
(4042, 64, 223),
(4043, 65, 223),
(4044, 66, 223),
(4045, 67, 223),
(4046, 68, 223),
(4047, 69, 223),
(4048, 70, 223),
(4049, 71, 223),
(4050, 72, 223),
(4051, 73, 223),
(4052, 74, 223),
(4053, 75, 223),
(4054, 76, 223),
(4055, 77, 223),
(4056, 78, 223),
(4057, 79, 223),
(4058, 81, 223),
(4059, 82, 223),
(4060, 83, 223),
(4061, 84, 223),
(4062, 85, 223),
(4063, 86, 223),
(4064, 87, 223),
(4065, 88, 223),
(4066, 89, 223),
(4067, 90, 223),
(4068, 91, 223),
(4069, 92, 223),
(4070, 93, 223),
(4071, 94, 223),
(4072, 95, 223),
(4073, 96, 223),
(4074, 97, 223),
(4075, 98, 223),
(4076, 99, 223),
(4077, 100, 223),
(4078, 101, 223),
(4079, 102, 223),
(4080, 103, 223),
(4081, 104, 223),
(4082, 105, 223),
(4083, 106, 223),
(4084, 107, 223),
(4085, 108, 223),
(4086, 109, 223),
(4087, 110, 223),
(4088, 112, 223),
(4089, 113, 223),
(4090, 114, 223),
(4091, 116, 223),
(4092, 117, 223),
(4093, 1, 224),
(4094, 3, 224),
(4095, 4, 224),
(4096, 6, 224),
(4097, 7, 224),
(4098, 8, 224),
(4099, 10, 224),
(4100, 11, 224),
(4101, 12, 224),
(4102, 13, 224),
(4103, 14, 224),
(4104, 15, 224),
(4105, 17, 224),
(4106, 18, 224),
(4107, 19, 224),
(4108, 20, 224),
(4109, 21, 224),
(4110, 22, 224),
(4111, 23, 224),
(4112, 24, 224),
(4113, 25, 224),
(4114, 27, 224),
(4115, 28, 224),
(4116, 29, 224),
(4117, 30, 224),
(4118, 31, 224),
(4119, 32, 224),
(4120, 33, 224),
(4121, 34, 224),
(4122, 35, 224),
(4123, 36, 224),
(4124, 37, 224),
(4125, 38, 224),
(4126, 39, 224),
(4127, 40, 224),
(4128, 41, 224),
(4129, 42, 224),
(4130, 43, 224),
(4131, 44, 224),
(4132, 45, 224),
(4133, 46, 224),
(4134, 50, 224),
(4135, 51, 224),
(4136, 52, 224),
(4137, 53, 224),
(4138, 54, 224),
(4139, 55, 224),
(4140, 56, 224),
(4141, 57, 224),
(4142, 58, 224),
(4143, 59, 224),
(4144, 60, 224),
(4145, 61, 224),
(4146, 62, 224),
(4147, 63, 224),
(4148, 64, 224),
(4149, 65, 224),
(4150, 66, 224),
(4151, 67, 224),
(4152, 68, 224),
(4153, 69, 224),
(4154, 70, 224),
(4155, 71, 224),
(4156, 72, 224),
(4157, 73, 224),
(4158, 74, 224),
(4159, 75, 224),
(4160, 76, 224),
(4161, 77, 224),
(4162, 78, 224),
(4163, 79, 224),
(4164, 81, 224),
(4165, 82, 224),
(4166, 83, 224),
(4167, 84, 224),
(4168, 85, 224),
(4169, 86, 224),
(4170, 87, 224),
(4171, 88, 224),
(4172, 89, 224),
(4173, 90, 224),
(4174, 91, 224),
(4175, 92, 224),
(4176, 93, 224),
(4177, 94, 224),
(4178, 95, 224),
(4179, 96, 224),
(4180, 97, 224),
(4181, 98, 224),
(4182, 99, 224),
(4183, 100, 224),
(4184, 101, 224),
(4185, 102, 224),
(4186, 103, 224),
(4187, 104, 224),
(4188, 105, 224),
(4189, 106, 224),
(4190, 107, 224),
(4191, 108, 224),
(4192, 109, 224),
(4193, 110, 224),
(4194, 112, 224),
(4195, 113, 224),
(4196, 114, 224),
(4197, 116, 224),
(4198, 117, 224),
(4199, 1, 225),
(4200, 3, 225),
(4201, 4, 225),
(4202, 6, 225),
(4203, 7, 225),
(4204, 8, 225),
(4205, 10, 225),
(4206, 11, 225),
(4207, 12, 225),
(4208, 13, 225),
(4209, 14, 225),
(4210, 15, 225),
(4211, 17, 225),
(4212, 18, 225),
(4213, 19, 225),
(4214, 20, 225),
(4215, 21, 225),
(4216, 22, 225),
(4217, 23, 225),
(4218, 24, 225),
(4219, 25, 225),
(4220, 27, 225),
(4221, 28, 225),
(4222, 29, 225),
(4223, 30, 225),
(4224, 31, 225),
(4225, 32, 225),
(4226, 33, 225),
(4227, 34, 225),
(4228, 35, 225),
(4229, 36, 225),
(4230, 37, 225),
(4231, 38, 225),
(4232, 39, 225),
(4233, 40, 225),
(4234, 41, 225),
(4235, 42, 225),
(4236, 43, 225),
(4237, 44, 225),
(4238, 45, 225),
(4239, 46, 225),
(4240, 50, 225),
(4241, 51, 225),
(4242, 52, 225),
(4243, 53, 225),
(4244, 54, 225),
(4245, 55, 225),
(4246, 56, 225),
(4247, 57, 225),
(4248, 58, 225),
(4249, 59, 225),
(4250, 60, 225),
(4251, 61, 225),
(4252, 62, 225),
(4253, 63, 225),
(4254, 64, 225),
(4255, 65, 225),
(4256, 66, 225),
(4257, 67, 225),
(4258, 68, 225),
(4259, 69, 225),
(4260, 70, 225),
(4261, 71, 225),
(4262, 72, 225),
(4263, 73, 225),
(4264, 74, 225),
(4265, 75, 225),
(4266, 76, 225),
(4267, 77, 225),
(4268, 78, 225),
(4269, 79, 225),
(4270, 81, 225),
(4271, 82, 225),
(4272, 83, 225),
(4273, 84, 225),
(4274, 85, 225),
(4275, 86, 225),
(4276, 87, 225),
(4277, 88, 225),
(4278, 89, 225),
(4279, 90, 225),
(4280, 91, 225),
(4281, 92, 225),
(4282, 93, 225),
(4283, 94, 225),
(4284, 95, 225),
(4285, 96, 225),
(4286, 97, 225),
(4287, 98, 225),
(4288, 99, 225),
(4289, 100, 225),
(4290, 101, 225),
(4291, 102, 225),
(4292, 103, 225),
(4293, 104, 225),
(4294, 105, 225),
(4295, 106, 225),
(4296, 107, 225),
(4297, 108, 225),
(4298, 109, 225),
(4299, 110, 225),
(4300, 112, 225),
(4301, 113, 225),
(4302, 114, 225),
(4303, 116, 225),
(4304, 117, 225),
(4305, 1, 226),
(4306, 3, 226),
(4307, 4, 226),
(4308, 6, 226),
(4309, 7, 226),
(4310, 8, 226),
(4311, 10, 226),
(4312, 11, 226),
(4313, 12, 226),
(4314, 13, 226),
(4315, 14, 226),
(4316, 15, 226),
(4317, 17, 226),
(4318, 18, 226),
(4319, 19, 226),
(4320, 20, 226),
(4321, 21, 226),
(4322, 22, 226),
(4323, 23, 226),
(4324, 24, 226),
(4325, 25, 226),
(4326, 27, 226),
(4327, 28, 226),
(4328, 29, 226),
(4329, 30, 226),
(4330, 31, 226),
(4331, 32, 226),
(4332, 33, 226),
(4333, 34, 226),
(4334, 35, 226),
(4335, 36, 226),
(4336, 37, 226),
(4337, 38, 226),
(4338, 39, 226),
(4339, 40, 226),
(4340, 41, 226),
(4341, 42, 226),
(4342, 43, 226),
(4343, 44, 226),
(4344, 45, 226),
(4345, 46, 226),
(4346, 50, 226),
(4347, 51, 226),
(4348, 52, 226),
(4349, 53, 226),
(4350, 54, 226),
(4351, 55, 226),
(4352, 56, 226),
(4353, 57, 226),
(4354, 58, 226),
(4355, 59, 226),
(4356, 60, 226),
(4357, 61, 226),
(4358, 62, 226),
(4359, 63, 226),
(4360, 64, 226),
(4361, 65, 226),
(4362, 66, 226),
(4363, 67, 226),
(4364, 68, 226),
(4365, 69, 226),
(4366, 70, 226),
(4367, 71, 226),
(4368, 72, 226),
(4369, 73, 226),
(4370, 74, 226),
(4371, 75, 226),
(4372, 76, 226),
(4373, 77, 226),
(4374, 78, 226),
(4375, 79, 226),
(4376, 81, 226),
(4377, 82, 226),
(4378, 83, 226),
(4379, 84, 226),
(4380, 85, 226),
(4381, 86, 226),
(4382, 87, 226),
(4383, 88, 226),
(4384, 89, 226),
(4385, 90, 226),
(4386, 91, 226),
(4387, 92, 226),
(4388, 93, 226),
(4389, 94, 226),
(4390, 95, 226),
(4391, 96, 226),
(4392, 97, 226),
(4393, 98, 226),
(4394, 99, 226),
(4395, 100, 226),
(4396, 101, 226),
(4397, 102, 226),
(4398, 103, 226),
(4399, 104, 226),
(4400, 105, 226),
(4401, 106, 226),
(4402, 107, 226),
(4403, 108, 226),
(4404, 109, 226),
(4405, 110, 226),
(4406, 112, 226),
(4407, 113, 226),
(4408, 114, 226),
(4409, 116, 226),
(4410, 117, 226),
(4411, 1, 227),
(4412, 3, 227),
(4413, 4, 227),
(4414, 6, 227),
(4415, 7, 227),
(4416, 8, 227),
(4417, 10, 227),
(4418, 11, 227),
(4419, 12, 227),
(4420, 13, 227),
(4421, 14, 227),
(4422, 15, 227),
(4423, 17, 227),
(4424, 18, 227),
(4425, 19, 227),
(4426, 20, 227),
(4427, 21, 227),
(4428, 22, 227),
(4429, 23, 227),
(4430, 24, 227),
(4431, 25, 227),
(4432, 27, 227),
(4433, 28, 227),
(4434, 29, 227),
(4435, 30, 227),
(4436, 31, 227),
(4437, 32, 227),
(4438, 33, 227),
(4439, 34, 227),
(4440, 35, 227),
(4441, 36, 227),
(4442, 37, 227),
(4443, 38, 227),
(4444, 39, 227),
(4445, 40, 227),
(4446, 41, 227),
(4447, 42, 227),
(4448, 43, 227),
(4449, 44, 227),
(4450, 45, 227),
(4451, 46, 227),
(4452, 50, 227),
(4453, 51, 227),
(4454, 52, 227),
(4455, 53, 227),
(4456, 54, 227),
(4457, 55, 227),
(4458, 56, 227),
(4459, 57, 227),
(4460, 58, 227),
(4461, 59, 227),
(4462, 60, 227),
(4463, 61, 227),
(4464, 62, 227),
(4465, 63, 227),
(4466, 64, 227),
(4467, 65, 227),
(4468, 66, 227),
(4469, 67, 227),
(4470, 68, 227),
(4471, 69, 227),
(4472, 70, 227),
(4473, 71, 227),
(4474, 72, 227),
(4475, 73, 227),
(4476, 74, 227),
(4477, 75, 227),
(4478, 76, 227),
(4479, 77, 227),
(4480, 78, 227),
(4481, 79, 227),
(4482, 81, 227),
(4483, 82, 227),
(4484, 83, 227),
(4485, 84, 227),
(4486, 85, 227),
(4487, 86, 227),
(4488, 87, 227),
(4489, 88, 227),
(4490, 89, 227),
(4491, 90, 227),
(4492, 91, 227),
(4493, 92, 227),
(4494, 93, 227),
(4495, 94, 227),
(4496, 95, 227),
(4497, 96, 227),
(4498, 97, 227),
(4499, 98, 227),
(4500, 99, 227),
(4501, 100, 227),
(4502, 101, 227),
(4503, 102, 227),
(4504, 103, 227),
(4505, 104, 227),
(4506, 105, 227),
(4507, 106, 227),
(4508, 107, 227),
(4509, 108, 227),
(4510, 109, 227),
(4511, 110, 227),
(4512, 112, 227),
(4513, 113, 227),
(4514, 114, 227),
(4515, 116, 227),
(4516, 117, 227),
(4517, 1, 228),
(4518, 3, 228),
(4519, 4, 228),
(4520, 6, 228),
(4521, 7, 228),
(4522, 8, 228),
(4523, 10, 228),
(4524, 11, 228),
(4525, 12, 228),
(4526, 13, 228),
(4527, 14, 228),
(4528, 15, 228),
(4529, 17, 228),
(4530, 18, 228),
(4531, 19, 228),
(4532, 20, 228),
(4533, 21, 228),
(4534, 22, 228),
(4535, 23, 228),
(4536, 24, 228),
(4537, 25, 228),
(4538, 27, 228),
(4539, 28, 228),
(4540, 29, 228),
(4541, 30, 228),
(4542, 31, 228),
(4543, 32, 228),
(4544, 33, 228),
(4545, 34, 228),
(4546, 35, 228),
(4547, 36, 228),
(4548, 37, 228),
(4549, 38, 228),
(4550, 39, 228),
(4551, 40, 228),
(4552, 41, 228),
(4553, 42, 228),
(4554, 43, 228),
(4555, 44, 228),
(4556, 45, 228),
(4557, 46, 228),
(4558, 50, 228),
(4559, 51, 228),
(4560, 52, 228),
(4561, 53, 228),
(4562, 54, 228),
(4563, 55, 228),
(4564, 56, 228),
(4565, 57, 228),
(4566, 58, 228),
(4567, 59, 228),
(4568, 60, 228),
(4569, 61, 228),
(4570, 62, 228),
(4571, 63, 228),
(4572, 64, 228),
(4573, 65, 228),
(4574, 66, 228),
(4575, 67, 228),
(4576, 68, 228),
(4577, 69, 228),
(4578, 70, 228),
(4579, 71, 228),
(4580, 72, 228),
(4581, 73, 228),
(4582, 74, 228),
(4583, 75, 228),
(4584, 76, 228),
(4585, 77, 228),
(4586, 78, 228),
(4587, 79, 228),
(4588, 81, 228),
(4589, 82, 228),
(4590, 83, 228),
(4591, 84, 228),
(4592, 85, 228),
(4593, 86, 228),
(4594, 87, 228),
(4595, 88, 228),
(4596, 89, 228),
(4597, 90, 228),
(4598, 91, 228),
(4599, 92, 228),
(4600, 93, 228),
(4601, 94, 228),
(4602, 95, 228),
(4603, 96, 228),
(4604, 97, 228),
(4605, 98, 228),
(4606, 99, 228),
(4607, 100, 228),
(4608, 101, 228),
(4609, 102, 228),
(4610, 103, 228),
(4611, 104, 228),
(4612, 105, 228),
(4613, 106, 228),
(4614, 107, 228),
(4615, 108, 228),
(4616, 109, 228),
(4617, 110, 228),
(4618, 112, 228),
(4619, 113, 228),
(4620, 114, 228),
(4621, 116, 228),
(4622, 117, 228),
(4623, 1, 229),
(4624, 3, 229),
(4625, 4, 229),
(4626, 6, 229),
(4627, 7, 229),
(4628, 8, 229),
(4629, 10, 229),
(4630, 11, 229),
(4631, 12, 229),
(4632, 13, 229),
(4633, 14, 229),
(4634, 15, 229),
(4635, 17, 229),
(4636, 18, 229),
(4637, 19, 229),
(4638, 20, 229),
(4639, 21, 229),
(4640, 22, 229),
(4641, 23, 229),
(4642, 24, 229),
(4643, 25, 229),
(4644, 27, 229),
(4645, 28, 229),
(4646, 29, 229),
(4647, 30, 229),
(4648, 31, 229),
(4649, 32, 229),
(4650, 33, 229),
(4651, 34, 229),
(4652, 35, 229),
(4653, 36, 229),
(4654, 37, 229),
(4655, 38, 229),
(4656, 39, 229),
(4657, 40, 229),
(4658, 41, 229),
(4659, 42, 229),
(4660, 43, 229),
(4661, 45, 229),
(4662, 46, 229),
(4663, 50, 229),
(4664, 51, 229),
(4665, 52, 229),
(4666, 53, 229),
(4667, 54, 229),
(4668, 55, 229),
(4669, 56, 229),
(4670, 57, 229),
(4671, 58, 229),
(4672, 59, 229),
(4673, 60, 229),
(4674, 61, 229),
(4675, 62, 229),
(4676, 63, 229),
(4677, 64, 229),
(4678, 65, 229),
(4679, 66, 229),
(4680, 67, 229),
(4681, 68, 229),
(4682, 69, 229),
(4683, 70, 229),
(4684, 71, 229),
(4685, 72, 229),
(4686, 73, 229),
(4687, 74, 229),
(4688, 75, 229),
(4689, 76, 229),
(4690, 77, 229),
(4691, 78, 229),
(4692, 79, 229),
(4693, 81, 229),
(4694, 82, 229),
(4695, 83, 229),
(4696, 84, 229),
(4697, 85, 229),
(4698, 86, 229),
(4699, 87, 229),
(4700, 88, 229),
(4701, 89, 229),
(4702, 90, 229),
(4703, 91, 229),
(4704, 92, 229),
(4705, 93, 229),
(4706, 94, 229),
(4707, 95, 229),
(4708, 96, 229),
(4709, 97, 229),
(4710, 98, 229),
(4711, 99, 229),
(4712, 100, 229),
(4713, 101, 229),
(4714, 102, 229),
(4715, 103, 229),
(4716, 104, 229),
(4717, 105, 229),
(4718, 106, 229),
(4719, 107, 229),
(4720, 108, 229),
(4721, 109, 229),
(4722, 110, 229),
(4723, 112, 229),
(4724, 113, 229),
(4725, 114, 229),
(4726, 116, 229),
(4727, 117, 229),
(4728, 1, 230),
(4729, 3, 230),
(4730, 4, 230),
(4731, 6, 230),
(4732, 7, 230),
(4733, 8, 230),
(4734, 10, 230),
(4735, 11, 230),
(4736, 12, 230),
(4737, 13, 230),
(4738, 14, 230),
(4739, 15, 230),
(4740, 17, 230),
(4741, 18, 230),
(4742, 19, 230),
(4743, 20, 230),
(4744, 21, 230),
(4745, 22, 230),
(4746, 23, 230),
(4747, 24, 230),
(4748, 25, 230),
(4749, 27, 230),
(4750, 28, 230),
(4751, 29, 230),
(4752, 30, 230),
(4753, 31, 230),
(4754, 32, 230),
(4755, 33, 230),
(4756, 34, 230),
(4757, 35, 230),
(4758, 36, 230),
(4759, 37, 230),
(4760, 38, 230),
(4761, 39, 230),
(4762, 40, 230),
(4763, 41, 230),
(4764, 42, 230),
(4765, 43, 230),
(4766, 44, 230),
(4767, 45, 230),
(4768, 46, 230),
(4769, 50, 230),
(4770, 51, 230),
(4771, 52, 230),
(4772, 53, 230),
(4773, 54, 230),
(4774, 55, 230),
(4775, 56, 230),
(4776, 57, 230),
(4777, 58, 230),
(4778, 59, 230),
(4779, 60, 230),
(4780, 61, 230),
(4781, 62, 230),
(4782, 63, 230),
(4783, 64, 230),
(4784, 65, 230),
(4785, 66, 230),
(4786, 67, 230),
(4787, 68, 230),
(4788, 69, 230),
(4789, 70, 230),
(4790, 71, 230),
(4791, 72, 230),
(4792, 73, 230),
(4793, 74, 230),
(4794, 75, 230),
(4795, 76, 230),
(4796, 77, 230),
(4797, 78, 230),
(4798, 79, 230),
(4799, 81, 230),
(4800, 82, 230),
(4801, 83, 230),
(4802, 84, 230),
(4803, 85, 230),
(4804, 86, 230),
(4805, 87, 230),
(4806, 88, 230),
(4807, 89, 230),
(4808, 90, 230),
(4809, 91, 230),
(4810, 92, 230),
(4811, 93, 230),
(4812, 94, 230),
(4813, 95, 230),
(4814, 96, 230),
(4815, 97, 230),
(4816, 98, 230),
(4817, 99, 230),
(4818, 100, 230),
(4819, 101, 230),
(4820, 102, 230),
(4821, 103, 230),
(4822, 104, 230),
(4823, 105, 230),
(4824, 106, 230),
(4825, 107, 230),
(4826, 108, 230),
(4827, 109, 230),
(4828, 110, 230),
(4829, 112, 230),
(4830, 113, 230),
(4831, 114, 230),
(4832, 116, 230),
(4833, 117, 230),
(4834, 1, 231),
(4835, 3, 231),
(4836, 4, 231),
(4837, 6, 231),
(4838, 7, 231),
(4839, 8, 231),
(4840, 10, 231),
(4841, 11, 231),
(4842, 12, 231),
(4843, 13, 231),
(4844, 14, 231),
(4845, 15, 231),
(4846, 17, 231),
(4847, 18, 231),
(4848, 19, 231),
(4849, 20, 231),
(4850, 21, 231),
(4851, 22, 231),
(4852, 23, 231),
(4853, 24, 231),
(4854, 25, 231),
(4855, 27, 231),
(4856, 28, 231),
(4857, 29, 231),
(4858, 30, 231),
(4859, 31, 231),
(4860, 32, 231),
(4861, 33, 231),
(4862, 34, 231),
(4863, 35, 231),
(4864, 36, 231),
(4865, 37, 231),
(4866, 38, 231),
(4867, 39, 231),
(4868, 40, 231),
(4869, 41, 231),
(4870, 42, 231),
(4871, 43, 231),
(4872, 44, 231),
(4873, 45, 231),
(4874, 46, 231),
(4875, 50, 231),
(4876, 51, 231),
(4877, 52, 231),
(4878, 53, 231),
(4879, 54, 231),
(4880, 55, 231),
(4881, 56, 231),
(4882, 57, 231),
(4883, 58, 231),
(4884, 59, 231),
(4885, 60, 231),
(4886, 61, 231),
(4887, 62, 231),
(4888, 63, 231),
(4889, 64, 231),
(4890, 65, 231),
(4891, 66, 231),
(4892, 67, 231),
(4893, 68, 231),
(4894, 69, 231),
(4895, 70, 231),
(4896, 71, 231),
(4897, 72, 231),
(4898, 73, 231),
(4899, 74, 231),
(4900, 75, 231),
(4901, 76, 231),
(4902, 77, 231),
(4903, 78, 231),
(4904, 79, 231),
(4905, 81, 231),
(4906, 82, 231),
(4907, 83, 231),
(4908, 84, 231),
(4909, 85, 231),
(4910, 86, 231),
(4911, 87, 231),
(4912, 88, 231),
(4913, 89, 231),
(4914, 90, 231),
(4915, 91, 231),
(4916, 92, 231),
(4917, 93, 231),
(4918, 94, 231),
(4919, 95, 231),
(4920, 96, 231),
(4921, 97, 231),
(4922, 98, 231),
(4923, 99, 231),
(4924, 100, 231),
(4925, 101, 231),
(4926, 102, 231),
(4927, 103, 231),
(4928, 104, 231),
(4929, 105, 231),
(4930, 106, 231),
(4931, 107, 231),
(4932, 108, 231),
(4933, 109, 231),
(4934, 110, 231),
(4935, 112, 231),
(4936, 113, 231),
(4937, 114, 231),
(4938, 116, 231),
(4939, 117, 231),
(4940, 1, 232),
(4941, 3, 232),
(4942, 4, 232),
(4943, 6, 232),
(4944, 7, 232),
(4945, 8, 232),
(4946, 10, 232),
(4947, 11, 232),
(4948, 12, 232),
(4949, 13, 232),
(4950, 14, 232),
(4951, 15, 232),
(4952, 17, 232),
(4953, 18, 232),
(4954, 19, 232),
(4955, 20, 232),
(4956, 21, 232),
(4957, 22, 232),
(4958, 23, 232),
(4959, 24, 232),
(4960, 25, 232),
(4961, 27, 232),
(4962, 28, 232),
(4963, 29, 232),
(4964, 30, 232),
(4965, 31, 232),
(4966, 32, 232),
(4967, 33, 232),
(4968, 34, 232),
(4969, 35, 232),
(4970, 36, 232),
(4971, 37, 232),
(4972, 38, 232),
(4973, 39, 232),
(4974, 40, 232),
(4975, 41, 232),
(4976, 42, 232),
(4977, 43, 232),
(4978, 44, 232),
(4979, 45, 232),
(4980, 46, 232),
(4981, 50, 232),
(4982, 51, 232),
(4983, 52, 232),
(4984, 53, 232),
(4985, 54, 232),
(4986, 55, 232),
(4987, 56, 232),
(4988, 57, 232),
(4989, 58, 232),
(4990, 59, 232),
(4991, 60, 232),
(4992, 61, 232),
(4993, 62, 232),
(4994, 63, 232),
(4995, 64, 232),
(4996, 65, 232),
(4997, 66, 232),
(4998, 67, 232),
(4999, 68, 232),
(5000, 69, 232),
(5001, 70, 232),
(5002, 71, 232),
(5003, 72, 232),
(5004, 73, 232),
(5005, 74, 232),
(5006, 75, 232),
(5007, 76, 232),
(5008, 77, 232),
(5009, 78, 232),
(5010, 79, 232),
(5011, 81, 232),
(5012, 82, 232),
(5013, 83, 232),
(5014, 84, 232),
(5015, 85, 232),
(5016, 86, 232),
(5017, 87, 232),
(5018, 88, 232),
(5019, 89, 232),
(5020, 90, 232),
(5021, 91, 232),
(5022, 92, 232),
(5023, 93, 232),
(5024, 94, 232),
(5025, 95, 232),
(5026, 96, 232),
(5027, 97, 232),
(5028, 98, 232),
(5029, 99, 232),
(5030, 100, 232),
(5031, 101, 232),
(5032, 102, 232),
(5033, 103, 232),
(5034, 104, 232),
(5035, 105, 232),
(5036, 106, 232),
(5037, 107, 232),
(5038, 108, 232),
(5039, 109, 232),
(5040, 110, 232),
(5041, 112, 232),
(5042, 113, 232),
(5043, 114, 232),
(5044, 116, 232),
(5045, 117, 232),
(5046, 1, 233),
(5047, 3, 233),
(5048, 4, 233),
(5049, 6, 233),
(5050, 7, 233),
(5051, 8, 233),
(5052, 10, 233),
(5053, 11, 233),
(5054, 12, 233),
(5055, 13, 233),
(5056, 14, 233),
(5057, 15, 233),
(5058, 17, 233),
(5059, 18, 233),
(5060, 19, 233),
(5061, 20, 233),
(5062, 21, 233),
(5063, 22, 233),
(5064, 23, 233),
(5065, 24, 233),
(5066, 25, 233),
(5067, 27, 233),
(5068, 28, 233),
(5069, 29, 233),
(5070, 30, 233),
(5071, 31, 233),
(5072, 32, 233),
(5073, 33, 233),
(5074, 34, 233),
(5075, 35, 233),
(5076, 36, 233),
(5077, 37, 233),
(5078, 38, 233),
(5079, 39, 233),
(5080, 40, 233),
(5081, 41, 233),
(5082, 42, 233),
(5083, 43, 233),
(5084, 44, 233),
(5085, 45, 233),
(5086, 46, 233),
(5087, 50, 233),
(5088, 51, 233),
(5089, 52, 233),
(5090, 53, 233),
(5091, 54, 233),
(5092, 55, 233),
(5093, 56, 233),
(5094, 57, 233),
(5095, 58, 233),
(5096, 59, 233),
(5097, 60, 233),
(5098, 61, 233),
(5099, 62, 233),
(5100, 63, 233),
(5101, 64, 233),
(5102, 65, 233),
(5103, 66, 233),
(5104, 67, 233),
(5105, 68, 233),
(5106, 69, 233),
(5107, 70, 233),
(5108, 71, 233),
(5109, 72, 233),
(5110, 73, 233),
(5111, 74, 233),
(5112, 75, 233),
(5113, 76, 233),
(5114, 77, 233),
(5115, 78, 233),
(5116, 79, 233),
(5117, 81, 233),
(5118, 82, 233),
(5119, 83, 233),
(5120, 84, 233),
(5121, 85, 233),
(5122, 86, 233),
(5123, 87, 233),
(5124, 88, 233),
(5125, 89, 233),
(5126, 90, 233),
(5127, 91, 233),
(5128, 92, 233),
(5129, 93, 233),
(5130, 94, 233),
(5131, 95, 233),
(5132, 96, 233),
(5133, 97, 233),
(5134, 98, 233),
(5135, 99, 233),
(5136, 100, 233),
(5137, 101, 233),
(5138, 102, 233),
(5139, 103, 233),
(5140, 104, 233),
(5141, 105, 233),
(5142, 106, 233),
(5143, 107, 233),
(5144, 108, 233),
(5145, 109, 233),
(5146, 110, 233),
(5147, 112, 233),
(5148, 113, 233),
(5149, 114, 233),
(5150, 116, 233),
(5151, 117, 233),
(5152, 1, 234),
(5153, 3, 234),
(5154, 4, 234),
(5155, 6, 234),
(5156, 7, 234),
(5157, 8, 234),
(5158, 10, 234),
(5159, 11, 234),
(5160, 12, 234),
(5161, 13, 234),
(5162, 14, 234),
(5163, 15, 234),
(5164, 17, 234),
(5165, 18, 234),
(5166, 19, 234),
(5167, 20, 234),
(5168, 21, 234),
(5169, 22, 234),
(5170, 23, 234),
(5171, 24, 234),
(5172, 25, 234),
(5173, 27, 234),
(5174, 28, 234),
(5175, 29, 234),
(5176, 30, 234),
(5177, 31, 234),
(5178, 32, 234),
(5179, 33, 234),
(5180, 34, 234),
(5181, 35, 234),
(5182, 36, 234),
(5183, 37, 234),
(5184, 38, 234),
(5185, 39, 234),
(5186, 40, 234),
(5187, 41, 234),
(5188, 42, 234),
(5189, 43, 234),
(5190, 44, 234),
(5191, 45, 234),
(5192, 46, 234),
(5193, 50, 234),
(5194, 51, 234),
(5195, 52, 234),
(5196, 53, 234),
(5197, 54, 234),
(5198, 55, 234),
(5199, 56, 234),
(5200, 57, 234),
(5201, 58, 234),
(5202, 59, 234),
(5203, 60, 234),
(5204, 61, 234),
(5205, 62, 234),
(5206, 63, 234),
(5207, 64, 234),
(5208, 65, 234),
(5209, 66, 234),
(5210, 67, 234),
(5211, 68, 234),
(5212, 69, 234),
(5213, 70, 234),
(5214, 71, 234),
(5215, 72, 234),
(5216, 73, 234),
(5217, 74, 234),
(5218, 75, 234),
(5219, 76, 234),
(5220, 77, 234),
(5221, 78, 234),
(5222, 79, 234),
(5223, 81, 234),
(5224, 82, 234),
(5225, 83, 234),
(5226, 84, 234),
(5227, 85, 234),
(5228, 86, 234),
(5229, 87, 234),
(5230, 88, 234),
(5231, 89, 234),
(5232, 90, 234),
(5233, 91, 234),
(5234, 92, 234),
(5235, 93, 234),
(5236, 94, 234),
(5237, 95, 234),
(5238, 96, 234),
(5239, 97, 234),
(5240, 98, 234),
(5241, 99, 234),
(5242, 100, 234),
(5243, 101, 234),
(5244, 102, 234),
(5245, 103, 234),
(5246, 104, 234),
(5247, 105, 234),
(5248, 106, 234),
(5249, 107, 234),
(5250, 108, 234),
(5251, 109, 234),
(5252, 110, 234),
(5253, 112, 234),
(5254, 113, 234),
(5255, 114, 234),
(5256, 116, 234),
(5257, 117, 234),
(5258, 1, 236),
(5259, 3, 236),
(5260, 4, 236),
(5261, 6, 236),
(5262, 7, 236),
(5263, 8, 236),
(5264, 10, 236),
(5265, 11, 236),
(5266, 12, 236),
(5267, 13, 236),
(5268, 14, 236),
(5269, 15, 236),
(5270, 17, 236),
(5271, 18, 236),
(5272, 19, 236),
(5273, 20, 236),
(5274, 21, 236),
(5275, 22, 236),
(5276, 23, 236),
(5277, 24, 236),
(5278, 25, 236),
(5279, 27, 236),
(5280, 28, 236),
(5281, 29, 236),
(5282, 30, 236),
(5283, 31, 236),
(5284, 32, 236),
(5285, 33, 236),
(5286, 34, 236),
(5287, 35, 236),
(5288, 36, 236),
(5289, 37, 236),
(5290, 38, 236),
(5291, 39, 236),
(5292, 40, 236),
(5293, 41, 236),
(5294, 42, 236),
(5295, 43, 236),
(5296, 44, 236),
(5297, 45, 236),
(5298, 46, 236),
(5299, 50, 236),
(5300, 51, 236),
(5301, 52, 236),
(5302, 53, 236),
(5303, 54, 236),
(5304, 55, 236),
(5305, 56, 236),
(5306, 57, 236),
(5307, 58, 236),
(5308, 59, 236),
(5309, 60, 236),
(5310, 61, 236),
(5311, 62, 236),
(5312, 63, 236),
(5313, 64, 236),
(5314, 65, 236),
(5315, 66, 236),
(5316, 67, 236),
(5317, 68, 236),
(5318, 69, 236),
(5319, 70, 236),
(5320, 71, 236),
(5321, 72, 236),
(5322, 73, 236),
(5323, 74, 236),
(5324, 75, 236),
(5325, 76, 236),
(5326, 77, 236),
(5327, 78, 236),
(5328, 79, 236),
(5329, 81, 236),
(5330, 82, 236),
(5331, 83, 236),
(5332, 84, 236),
(5333, 85, 236),
(5334, 86, 236),
(5335, 87, 236),
(5336, 88, 236),
(5337, 89, 236),
(5338, 90, 236),
(5339, 91, 236),
(5340, 92, 236),
(5341, 93, 236),
(5342, 94, 236),
(5343, 95, 236),
(5344, 96, 236),
(5345, 97, 236),
(5346, 98, 236),
(5347, 99, 236),
(5348, 100, 236),
(5349, 101, 236),
(5350, 102, 236),
(5351, 103, 236),
(5352, 104, 236),
(5353, 105, 236),
(5354, 106, 236),
(5355, 107, 236),
(5356, 108, 236),
(5357, 109, 236),
(5358, 110, 236),
(5359, 112, 236),
(5360, 113, 236),
(5361, 114, 236),
(5362, 116, 236),
(5363, 117, 236),
(5364, 1, 237),
(5365, 3, 237),
(5366, 4, 237),
(5367, 6, 237),
(5368, 7, 237),
(5369, 8, 237),
(5370, 10, 237),
(5371, 11, 237),
(5372, 12, 237),
(5373, 13, 237),
(5374, 14, 237),
(5375, 15, 237),
(5376, 17, 237),
(5377, 18, 237),
(5378, 19, 237),
(5379, 20, 237),
(5380, 21, 237),
(5381, 22, 237),
(5382, 23, 237),
(5383, 24, 237),
(5384, 25, 237),
(5385, 27, 237),
(5386, 28, 237),
(5387, 29, 237),
(5388, 30, 237),
(5389, 31, 237),
(5390, 32, 237),
(5391, 33, 237),
(5392, 34, 237),
(5393, 35, 237),
(5394, 36, 237),
(5395, 37, 237),
(5396, 38, 237),
(5397, 39, 237),
(5398, 40, 237),
(5399, 41, 237),
(5400, 42, 237),
(5401, 43, 237),
(5402, 44, 237),
(5403, 45, 237),
(5404, 46, 237),
(5405, 50, 237),
(5406, 51, 237),
(5407, 52, 237),
(5408, 53, 237),
(5409, 54, 237),
(5410, 55, 237),
(5411, 56, 237),
(5412, 57, 237),
(5413, 58, 237),
(5414, 59, 237),
(5415, 60, 237),
(5416, 61, 237),
(5417, 62, 237),
(5418, 63, 237),
(5419, 64, 237),
(5420, 65, 237),
(5421, 66, 237),
(5422, 67, 237),
(5423, 68, 237),
(5424, 69, 237),
(5425, 70, 237),
(5426, 71, 237),
(5427, 72, 237),
(5428, 73, 237),
(5429, 74, 237),
(5430, 75, 237),
(5431, 76, 237),
(5432, 77, 237),
(5433, 78, 237),
(5434, 79, 237),
(5435, 81, 237),
(5436, 82, 237),
(5437, 83, 237),
(5438, 84, 237),
(5439, 85, 237),
(5440, 86, 237),
(5441, 87, 237),
(5442, 88, 237),
(5443, 89, 237),
(5444, 90, 237),
(5445, 91, 237),
(5446, 92, 237),
(5447, 93, 237),
(5448, 94, 237),
(5449, 95, 237),
(5450, 96, 237),
(5451, 97, 237),
(5452, 98, 237),
(5453, 99, 237),
(5454, 100, 237),
(5455, 101, 237),
(5456, 102, 237),
(5457, 103, 237),
(5458, 104, 237),
(5459, 105, 237),
(5460, 106, 237),
(5461, 107, 237),
(5462, 108, 237),
(5463, 109, 237),
(5464, 110, 237),
(5465, 112, 237),
(5466, 113, 237),
(5467, 114, 237),
(5468, 116, 237),
(5469, 117, 237),
(5470, 1, 238),
(5471, 3, 238),
(5472, 4, 238),
(5473, 6, 238),
(5474, 7, 238),
(5475, 8, 238),
(5476, 10, 238),
(5477, 11, 238),
(5478, 12, 238),
(5479, 13, 238),
(5480, 14, 238),
(5481, 15, 238),
(5482, 17, 238),
(5483, 18, 238),
(5484, 19, 238),
(5485, 20, 238),
(5486, 21, 238),
(5487, 22, 238),
(5488, 23, 238),
(5489, 24, 238),
(5490, 25, 238),
(5491, 27, 238),
(5492, 28, 238),
(5493, 29, 238),
(5494, 30, 238),
(5495, 31, 238),
(5496, 32, 238),
(5497, 33, 238),
(5498, 34, 238),
(5499, 35, 238),
(5500, 36, 238),
(5501, 37, 238),
(5502, 38, 238),
(5503, 39, 238),
(5504, 40, 238),
(5505, 41, 238),
(5506, 42, 238),
(5507, 43, 238),
(5508, 44, 238),
(5509, 45, 238),
(5510, 46, 238),
(5511, 50, 238),
(5512, 51, 238),
(5513, 52, 238),
(5514, 53, 238),
(5515, 54, 238),
(5516, 55, 238),
(5517, 56, 238),
(5518, 57, 238),
(5519, 58, 238),
(5520, 59, 238),
(5521, 60, 238),
(5522, 61, 238),
(5523, 62, 238),
(5524, 63, 238),
(5525, 64, 238),
(5526, 65, 238),
(5527, 66, 238),
(5528, 67, 238),
(5529, 68, 238),
(5530, 69, 238),
(5531, 70, 238),
(5532, 71, 238),
(5533, 72, 238),
(5534, 73, 238),
(5535, 74, 238),
(5536, 75, 238),
(5537, 76, 238),
(5538, 77, 238),
(5539, 78, 238),
(5540, 79, 238),
(5541, 81, 238),
(5542, 82, 238),
(5543, 83, 238),
(5544, 84, 238),
(5545, 85, 238),
(5546, 86, 238),
(5547, 87, 238),
(5548, 88, 238),
(5549, 89, 238),
(5550, 90, 238),
(5551, 91, 238),
(5552, 92, 238),
(5553, 93, 238),
(5554, 94, 238),
(5555, 95, 238),
(5556, 96, 238),
(5557, 97, 238),
(5558, 98, 238),
(5559, 99, 238),
(5560, 100, 238),
(5561, 101, 238),
(5562, 102, 238),
(5563, 103, 238),
(5564, 104, 238),
(5565, 105, 238),
(5566, 106, 238),
(5567, 107, 238),
(5568, 108, 238),
(5569, 109, 238),
(5570, 110, 238),
(5571, 112, 238),
(5572, 113, 238),
(5573, 114, 238),
(5574, 116, 238),
(5575, 117, 238),
(5576, 1, 240),
(5577, 3, 240),
(5578, 4, 240),
(5579, 6, 240),
(5580, 7, 240),
(5581, 8, 240),
(5582, 10, 240),
(5583, 11, 240),
(5584, 12, 240),
(5585, 13, 240),
(5586, 14, 240),
(5587, 15, 240),
(5588, 17, 240),
(5589, 18, 240),
(5590, 19, 240),
(5591, 20, 240),
(5592, 21, 240),
(5593, 22, 240),
(5594, 23, 240),
(5595, 24, 240),
(5596, 25, 240),
(5597, 27, 240),
(5598, 28, 240),
(5599, 29, 240),
(5600, 30, 240),
(5601, 31, 240),
(5602, 32, 240),
(5603, 33, 240),
(5604, 34, 240),
(5605, 35, 240),
(5606, 36, 240),
(5607, 37, 240),
(5608, 38, 240),
(5609, 39, 240),
(5610, 40, 240),
(5611, 41, 240),
(5612, 42, 240),
(5613, 43, 240),
(5614, 44, 240),
(5615, 45, 240),
(5616, 46, 240),
(5617, 50, 240),
(5618, 51, 240),
(5619, 52, 240),
(5620, 53, 240),
(5621, 54, 240),
(5622, 55, 240),
(5623, 56, 240),
(5624, 57, 240),
(5625, 58, 240),
(5626, 59, 240),
(5627, 60, 240),
(5628, 61, 240),
(5629, 62, 240),
(5630, 63, 240),
(5631, 64, 240),
(5632, 65, 240),
(5633, 66, 240),
(5634, 67, 240),
(5635, 68, 240),
(5636, 69, 240),
(5637, 70, 240),
(5638, 71, 240),
(5639, 72, 240),
(5640, 73, 240),
(5641, 74, 240),
(5642, 75, 240),
(5643, 76, 240),
(5644, 77, 240),
(5645, 78, 240),
(5646, 79, 240),
(5647, 81, 240),
(5648, 82, 240),
(5649, 83, 240),
(5650, 84, 240),
(5651, 85, 240),
(5652, 86, 240),
(5653, 87, 240),
(5654, 88, 240),
(5655, 89, 240),
(5656, 90, 240),
(5657, 91, 240),
(5658, 92, 240),
(5659, 93, 240),
(5660, 94, 240),
(5661, 95, 240),
(5662, 96, 240),
(5663, 97, 240),
(5664, 98, 240),
(5665, 99, 240),
(5666, 100, 240),
(5667, 101, 240),
(5668, 102, 240),
(5669, 103, 240),
(5670, 104, 240),
(5671, 105, 240),
(5672, 106, 240),
(5673, 107, 240),
(5674, 108, 240),
(5675, 109, 240),
(5676, 110, 240),
(5677, 112, 240),
(5678, 113, 240),
(5679, 114, 240),
(5680, 116, 240),
(5681, 117, 240),
(5682, 1, 241),
(5683, 3, 241),
(5684, 4, 241),
(5685, 6, 241),
(5686, 7, 241),
(5687, 8, 241),
(5688, 10, 241),
(5689, 11, 241),
(5690, 12, 241),
(5691, 13, 241),
(5692, 14, 241),
(5693, 15, 241),
(5694, 17, 241),
(5695, 18, 241),
(5696, 19, 241),
(5697, 20, 241),
(5698, 21, 241),
(5699, 22, 241),
(5700, 23, 241),
(5701, 24, 241),
(5702, 25, 241),
(5703, 27, 241),
(5704, 28, 241),
(5705, 29, 241),
(5706, 30, 241),
(5707, 31, 241),
(5708, 32, 241),
(5709, 33, 241),
(5710, 34, 241),
(5711, 35, 241),
(5712, 36, 241),
(5713, 37, 241),
(5714, 38, 241),
(5715, 39, 241),
(5716, 40, 241),
(5717, 41, 241),
(5718, 42, 241),
(5719, 43, 241),
(5720, 44, 241),
(5721, 45, 241),
(5722, 46, 241),
(5723, 50, 241),
(5724, 51, 241),
(5725, 52, 241),
(5726, 53, 241),
(5727, 54, 241),
(5728, 55, 241),
(5729, 56, 241),
(5730, 57, 241),
(5731, 58, 241),
(5732, 59, 241),
(5733, 60, 241),
(5734, 61, 241),
(5735, 62, 241),
(5736, 63, 241),
(5737, 64, 241),
(5738, 65, 241),
(5739, 66, 241),
(5740, 67, 241),
(5741, 68, 241),
(5742, 69, 241),
(5743, 70, 241),
(5744, 71, 241),
(5745, 72, 241),
(5746, 73, 241),
(5747, 74, 241),
(5748, 75, 241),
(5749, 76, 241),
(5750, 77, 241),
(5751, 78, 241),
(5752, 79, 241),
(5753, 81, 241),
(5754, 82, 241),
(5755, 83, 241),
(5756, 84, 241),
(5757, 85, 241),
(5758, 86, 241),
(5759, 87, 241),
(5760, 88, 241),
(5761, 89, 241),
(5762, 90, 241),
(5763, 91, 241),
(5764, 92, 241),
(5765, 93, 241),
(5766, 94, 241),
(5767, 95, 241),
(5768, 96, 241),
(5769, 97, 241),
(5770, 98, 241),
(5771, 99, 241),
(5772, 100, 241),
(5773, 101, 241),
(5774, 102, 241),
(5775, 103, 241),
(5776, 104, 241),
(5777, 105, 241),
(5778, 106, 241),
(5779, 107, 241),
(5780, 108, 241),
(5781, 109, 241),
(5782, 110, 241),
(5783, 112, 241),
(5784, 113, 241),
(5785, 114, 241),
(5786, 116, 241),
(5787, 117, 241),
(5788, 1, 242),
(5789, 3, 242),
(5790, 4, 242),
(5791, 6, 242),
(5792, 7, 242),
(5793, 8, 242),
(5794, 10, 242),
(5795, 11, 242),
(5796, 12, 242),
(5797, 13, 242),
(5798, 14, 242),
(5799, 15, 242),
(5800, 17, 242),
(5801, 18, 242),
(5802, 19, 242),
(5803, 20, 242),
(5804, 21, 242),
(5805, 22, 242),
(5806, 23, 242),
(5807, 24, 242),
(5808, 25, 242),
(5809, 27, 242),
(5810, 28, 242),
(5811, 29, 242),
(5812, 30, 242),
(5813, 31, 242),
(5814, 32, 242),
(5815, 33, 242),
(5816, 34, 242),
(5817, 35, 242),
(5818, 36, 242),
(5819, 37, 242),
(5820, 38, 242),
(5821, 39, 242),
(5822, 40, 242),
(5823, 41, 242),
(5824, 42, 242),
(5825, 43, 242),
(5826, 44, 242),
(5827, 45, 242),
(5828, 46, 242),
(5829, 50, 242),
(5830, 51, 242),
(5831, 52, 242),
(5832, 53, 242),
(5833, 54, 242),
(5834, 55, 242),
(5835, 56, 242),
(5836, 57, 242),
(5837, 58, 242),
(5838, 59, 242),
(5839, 60, 242),
(5840, 61, 242),
(5841, 62, 242),
(5842, 63, 242),
(5843, 64, 242),
(5844, 65, 242),
(5845, 66, 242),
(5846, 67, 242),
(5847, 68, 242),
(5848, 69, 242),
(5849, 70, 242),
(5850, 71, 242),
(5851, 72, 242),
(5852, 73, 242),
(5853, 74, 242),
(5854, 75, 242),
(5855, 76, 242),
(5856, 77, 242),
(5857, 78, 242),
(5858, 79, 242),
(5859, 81, 242),
(5860, 82, 242),
(5861, 83, 242),
(5862, 84, 242),
(5863, 85, 242),
(5864, 86, 242),
(5865, 87, 242),
(5866, 88, 242),
(5867, 89, 242),
(5868, 90, 242),
(5869, 91, 242),
(5870, 92, 242),
(5871, 93, 242),
(5872, 94, 242),
(5873, 95, 242),
(5874, 96, 242),
(5875, 97, 242),
(5876, 98, 242),
(5877, 99, 242),
(5878, 100, 242),
(5879, 101, 242),
(5880, 102, 242),
(5881, 103, 242),
(5882, 104, 242),
(5883, 105, 242),
(5884, 106, 242),
(5885, 107, 242),
(5886, 108, 242),
(5887, 109, 242),
(5888, 110, 242),
(5889, 112, 242),
(5890, 113, 242),
(5891, 114, 242),
(5892, 116, 242),
(5893, 117, 242),
(5894, 1, 243),
(5895, 3, 243),
(5896, 4, 243),
(5897, 6, 243),
(5898, 7, 243),
(5899, 8, 243),
(5900, 10, 243),
(5901, 11, 243),
(5902, 12, 243),
(5903, 13, 243),
(5904, 14, 243),
(5905, 15, 243),
(5906, 17, 243),
(5907, 18, 243),
(5908, 19, 243),
(5909, 20, 243),
(5910, 21, 243),
(5911, 22, 243),
(5912, 23, 243),
(5913, 24, 243),
(5914, 25, 243),
(5915, 27, 243),
(5916, 28, 243),
(5917, 29, 243),
(5918, 30, 243),
(5919, 31, 243),
(5920, 32, 243),
(5921, 33, 243),
(5922, 34, 243),
(5923, 35, 243),
(5924, 36, 243),
(5925, 37, 243),
(5926, 38, 243),
(5927, 39, 243),
(5928, 40, 243),
(5929, 41, 243),
(5930, 42, 243),
(5931, 43, 243),
(5932, 44, 243),
(5933, 45, 243),
(5934, 46, 243),
(5935, 50, 243),
(5936, 51, 243),
(5937, 52, 243),
(5938, 53, 243),
(5939, 54, 243),
(5940, 55, 243),
(5941, 56, 243),
(5942, 57, 243),
(5943, 58, 243),
(5944, 59, 243),
(5945, 60, 243),
(5946, 61, 243),
(5947, 62, 243),
(5948, 63, 243),
(5949, 64, 243),
(5950, 65, 243),
(5951, 66, 243),
(5952, 67, 243),
(5953, 68, 243),
(5954, 69, 243),
(5955, 70, 243),
(5956, 71, 243),
(5957, 72, 243),
(5958, 73, 243),
(5959, 74, 243),
(5960, 75, 243),
(5961, 76, 243),
(5962, 77, 243),
(5963, 78, 243),
(5964, 79, 243),
(5965, 81, 243),
(5966, 82, 243),
(5967, 83, 243),
(5968, 84, 243),
(5969, 85, 243),
(5970, 86, 243),
(5971, 87, 243),
(5972, 88, 243),
(5973, 89, 243),
(5974, 90, 243),
(5975, 91, 243),
(5976, 92, 243),
(5977, 93, 243),
(5978, 94, 243),
(5979, 95, 243),
(5980, 96, 243),
(5981, 97, 243),
(5982, 98, 243),
(5983, 99, 243),
(5984, 100, 243),
(5985, 101, 243),
(5986, 102, 243),
(5987, 103, 243),
(5988, 104, 243),
(5989, 105, 243),
(5990, 106, 243),
(5991, 107, 243),
(5992, 108, 243),
(5993, 109, 243),
(5994, 110, 243),
(5995, 112, 243),
(5996, 113, 243),
(5997, 114, 243),
(5998, 116, 243),
(5999, 117, 243),
(6000, 1, 244),
(6001, 3, 244),
(6002, 4, 244),
(6003, 6, 244),
(6004, 7, 244),
(6005, 8, 244),
(6006, 10, 244),
(6007, 11, 244),
(6008, 12, 244),
(6009, 13, 244),
(6010, 14, 244),
(6011, 15, 244),
(6012, 17, 244),
(6013, 18, 244),
(6014, 19, 244),
(6015, 20, 244),
(6016, 21, 244),
(6017, 22, 244),
(6018, 23, 244),
(6019, 24, 244),
(6020, 25, 244),
(6021, 27, 244),
(6022, 28, 244),
(6023, 29, 244),
(6024, 30, 244),
(6025, 31, 244),
(6026, 32, 244),
(6027, 33, 244),
(6028, 34, 244),
(6029, 35, 244),
(6030, 36, 244),
(6031, 37, 244),
(6032, 38, 244),
(6033, 39, 244),
(6034, 40, 244),
(6035, 41, 244),
(6036, 42, 244),
(6037, 43, 244),
(6038, 45, 244),
(6039, 46, 244),
(6040, 50, 244),
(6041, 51, 244),
(6042, 52, 244),
(6043, 53, 244),
(6044, 54, 244),
(6045, 55, 244),
(6046, 56, 244),
(6047, 57, 244),
(6048, 58, 244),
(6049, 59, 244),
(6050, 60, 244),
(6051, 61, 244),
(6052, 62, 244),
(6053, 63, 244),
(6054, 64, 244),
(6055, 65, 244),
(6056, 66, 244),
(6057, 67, 244),
(6058, 68, 244),
(6059, 69, 244),
(6060, 70, 244),
(6061, 71, 244),
(6062, 72, 244),
(6063, 73, 244),
(6064, 74, 244),
(6065, 75, 244),
(6066, 76, 244),
(6067, 77, 244),
(6068, 78, 244),
(6069, 79, 244),
(6070, 81, 244),
(6071, 82, 244),
(6072, 83, 244),
(6073, 84, 244),
(6074, 85, 244),
(6075, 86, 244),
(6076, 87, 244),
(6077, 88, 244),
(6078, 89, 244),
(6079, 90, 244),
(6080, 91, 244),
(6081, 92, 244),
(6082, 93, 244),
(6083, 94, 244),
(6084, 95, 244),
(6085, 96, 244),
(6086, 97, 244),
(6087, 98, 244),
(6088, 99, 244),
(6089, 100, 244),
(6090, 101, 244),
(6091, 102, 244),
(6092, 103, 244),
(6093, 104, 244),
(6094, 105, 244),
(6095, 106, 244),
(6096, 107, 244),
(6097, 108, 244),
(6098, 109, 244),
(6099, 110, 244),
(6100, 112, 244),
(6101, 113, 244),
(6102, 114, 244),
(6103, 116, 244),
(6104, 117, 244),
(6105, 3, 245),
(6106, 6, 245),
(6107, 10, 245),
(6108, 11, 245),
(6109, 12, 245),
(6110, 17, 245),
(6111, 18, 245),
(6112, 20, 245),
(6113, 21, 245),
(6114, 22, 245),
(6115, 23, 245),
(6116, 24, 245),
(6117, 25, 245),
(6118, 27, 245),
(6119, 29, 245),
(6120, 31, 245),
(6121, 35, 245),
(6122, 37, 245),
(6123, 38, 245),
(6124, 41, 245),
(6125, 43, 245),
(6126, 44, 245),
(6127, 52, 245),
(6128, 53, 245),
(6129, 54, 245),
(6130, 55, 245),
(6131, 56, 245),
(6132, 57, 245),
(6133, 60, 245),
(6134, 61, 245),
(6135, 62, 245),
(6136, 64, 245),
(6137, 65, 245),
(6138, 75, 245),
(6139, 76, 245),
(6140, 77, 245),
(6141, 78, 245),
(6142, 85, 245),
(6143, 86, 245),
(6144, 87, 245),
(6145, 88, 245),
(6146, 89, 245),
(6147, 90, 245),
(6148, 91, 245),
(6149, 92, 245),
(6150, 93, 245),
(6151, 95, 245),
(6152, 98, 245),
(6153, 99, 245),
(6154, 112, 245),
(6155, 113, 245),
(6156, 114, 245),
(6157, 117, 245),
(6158, 4, 246),
(6159, 43, 246),
(6160, 95, 246),
(6161, 10, 247),
(6162, 12, 247),
(6163, 13, 247),
(6164, 14, 247),
(6165, 15, 247),
(6166, 20, 247),
(6167, 21, 247),
(6168, 22, 247),
(6169, 27, 247),
(6170, 29, 247),
(6171, 52, 247),
(6172, 53, 247),
(6173, 56, 247),
(6174, 57, 247),
(6175, 63, 247),
(6176, 84, 247),
(6177, 85, 247),
(6178, 86, 247),
(6179, 87, 247),
(6180, 88, 247),
(6181, 89, 247),
(6182, 90, 247),
(6183, 91, 247),
(6184, 92, 247),
(6185, 93, 247),
(6186, 103, 247),
(6187, 104, 247),
(6188, 112, 247),
(6189, 113, 247),
(6190, 114, 247),
(6191, 1, 248),
(6192, 1, 249),
(6193, 46, 249),
(6194, 62, 249),
(6195, 63, 249),
(6196, 1, 250),
(6197, 46, 250),
(6198, 1, 251),
(6199, 1, 252),
(6200, 1, 253),
(6201, 1, 254),
(6202, 1, 255),
(6203, 7, 256),
(6204, 8, 256),
(6205, 10, 256),
(6206, 20, 256),
(6207, 76, 256),
(6208, 113, 256),
(6209, 1, 257),
(6210, 1, 258),
(6211, 1, 260),
(6212, 1, 261),
(6213, 1, 262),
(6214, 1, 263),
(6215, 3, 263),
(6216, 4, 263),
(6217, 6, 263),
(6218, 7, 263),
(6219, 8, 263),
(6220, 10, 263),
(6221, 11, 263),
(6222, 12, 263),
(6223, 13, 263),
(6224, 14, 263),
(6225, 15, 263),
(6226, 17, 263),
(6227, 18, 263),
(6228, 19, 263),
(6229, 20, 263),
(6230, 21, 263),
(6231, 22, 263),
(6232, 23, 263),
(6233, 24, 263),
(6234, 25, 263),
(6235, 27, 263),
(6236, 28, 263),
(6237, 29, 263),
(6238, 30, 263),
(6239, 31, 263),
(6240, 32, 263),
(6241, 33, 263),
(6242, 34, 263),
(6243, 35, 263),
(6244, 36, 263),
(6245, 37, 263),
(6246, 38, 263),
(6247, 39, 263),
(6248, 40, 263),
(6249, 41, 263),
(6250, 42, 263),
(6251, 43, 263),
(6252, 44, 263),
(6253, 45, 263),
(6254, 46, 263),
(6255, 50, 263),
(6256, 51, 263),
(6257, 52, 263),
(6258, 53, 263),
(6259, 54, 263),
(6260, 55, 263),
(6261, 56, 263),
(6262, 57, 263),
(6263, 58, 263),
(6264, 59, 263),
(6265, 60, 263),
(6266, 61, 263),
(6267, 62, 263),
(6268, 63, 263),
(6269, 64, 263),
(6270, 65, 263),
(6271, 66, 263),
(6272, 67, 263),
(6273, 68, 263),
(6274, 69, 263),
(6275, 70, 263),
(6276, 71, 263),
(6277, 72, 263),
(6278, 73, 263),
(6279, 74, 263),
(6280, 75, 263),
(6281, 76, 263),
(6282, 77, 263),
(6283, 78, 263),
(6284, 79, 263),
(6285, 81, 263),
(6286, 82, 263),
(6287, 83, 263),
(6288, 84, 263),
(6289, 85, 263),
(6290, 86, 263),
(6291, 87, 263),
(6292, 88, 263),
(6293, 89, 263),
(6294, 90, 263),
(6295, 91, 263),
(6296, 92, 263),
(6297, 93, 263),
(6298, 94, 263),
(6299, 95, 263),
(6300, 96, 263),
(6301, 97, 263),
(6302, 98, 263),
(6303, 99, 263),
(6304, 100, 263),
(6305, 101, 263),
(6306, 102, 263),
(6307, 103, 263),
(6308, 104, 263),
(6309, 105, 263),
(6310, 106, 263),
(6311, 107, 263),
(6312, 108, 263),
(6313, 109, 263),
(6314, 110, 263),
(6315, 112, 263),
(6316, 113, 263),
(6317, 114, 263),
(6318, 116, 263),
(6319, 117, 263),
(6320, 1, 264),
(6321, 44, 265),
(6322, 1, 266),
(6323, 1, 267),
(6324, 44, 268),
(6325, 28, 270),
(6326, 65, 270),
(6327, 76, 270),
(6328, 82, 270),
(6329, 1, 271),
(6330, 46, 271),
(6331, 62, 271),
(6332, 1, 272),
(6333, 46, 272),
(6334, 62, 272),
(6335, 62, 273),
(6336, 62, 274),
(6337, 44, 275),
(6338, 11, 276),
(6339, 12, 276),
(6340, 27, 276),
(6341, 28, 276),
(6342, 37, 276),
(6343, 41, 276),
(6344, 62, 276),
(6345, 82, 276),
(6346, 83, 276),
(6347, 84, 276),
(6348, 87, 276),
(6349, 95, 276),
(6350, 117, 276),
(6351, 1, 277),
(6352, 46, 277),
(6353, 62, 277),
(6354, 76, 279),
(6355, 77, 279),
(6356, 91, 279),
(6357, 92, 279),
(6358, 1, 280),
(6359, 1, 281),
(6360, 13, 282),
(6361, 19, 282),
(6362, 29, 282),
(6363, 31, 282),
(6364, 52, 282),
(6365, 53, 282),
(6366, 63, 282),
(6367, 1, 283),
(6368, 1, 284),
(6369, 1, 285),
(6370, 62, 286);

-- --------------------------------------------------------

--
-- Struktura tabulky `user`
--

CREATE TABLE `user` (
  `id` smallint(6) NOT NULL,
  `name` varchar(40) DEFAULT NULL,
  `phone` varchar(30) DEFAULT NULL,
  `email` varchar(60) DEFAULT NULL,
  `admin_id` smallint(6) DEFAULT NULL
) ENGINE=InnoDB DEFAULT CHARSET=utf8;

--
-- Vypisuji data pro tabulku `user`
--

INSERT INTO `user` (`id`, `name`, `phone`, `email`, `admin_id`) VALUES
(1, 'Véna', '+420 724 542 326', 'zkusebna.kobylisy@centrum.cz', 1),
(2, 'Óňa', '+420 732 524 691', 'ondr@centrum.cz', 1),
(3, 'Lama Su', '123123123', 'ondrej.tuma.mediafactory@gmail.com', NULL),
(4, 'Václav Tůma', '724542326', 'tumovi@centrum.cz', NULL),
(5, 'Ondra Blůma', '123456789', 'ondr@centrum.cz', NULL),
(6, 'Lama Su', '765323091', 'ondr@centrum.cz', NULL),
(7, 'Lama Su', '111111111', 'ondrej.tuma.mediafactory@gmail.com', NULL),
(8, 'The Hell', '123123123', 'ondr@centrum.cz', NULL),
(9, 'tuma', '724542326', 'tumovi@centrum.cz', NULL),
(10, 'Jafa Kree', '123123123', 'ondr@centrum.cz', NULL),
(11, 'Ondra', '123123123', 'ondr@centrum.cz', NULL),
(12, 'Ondra', '123123123', 'rootre@seznam.cz', NULL),
(13, 'Hej', '123123123', 'ondr@centrum.cz', NULL),
(14, 'Kouras', '123123123', 'rootre@seznam.cz', NULL),
(15, 'Chceme', '123123123', 'ondr@centrum.cz', NULL),
(16, 'Dobrý voják', '123123123', 'rootre@seznam.cz', NULL),
(17, 'Ondra T', '732 524 691', 'ondrej.tuma.mediafactory@gmail.com', NULL),
(18, 'Rejpal', '123456789', 'rootre@seznam.cz', NULL),
(19, 'Mirek Dušín', '123123111', 'ondr@centrum.cz', NULL),
(20, 'ss', '+420123123123', 'julawar@seznam.cz', NULL),
(21, 'Jakubec Pavel', '000000000', 'jakubec.pavel@email.cz', NULL),
(22, 'Markéta Růžičková', '000000000', 'marketa_ruzickova@centrum.cz', NULL),
(23, 'František Jakubec', '736405587', 'ferduv@gmail.com', NULL),
(24, 'Markéta Růžičková', '777970812', 'marketa_ruzickova@centrum.cz', NULL),
(25, 'Ondra Tůma', '732524691', 'ondr@centrum.cz', NULL),
(26, 'Ondřej Tůma', '732524691', 'ondrej.tuma.mediafactory@gmail.com', NULL),
(27, 'Lama Su', '732524691', 'ondrej.tuma.mediafactory@gmail.com', NULL),
(28, 'Lama', '732524691', 'ondrej.tuma.mediafactory@gmail.com', NULL),
(29, 'Ondřej Tůma', '732524691', 'ondr@centrum.cz', NULL),
(30, 'Lukáš Gregora', '732321896', 'lukasgregora@seznam.cz', NULL),
(31, 'Markéta Tůmová', '604603125', 'maki2580@seznam.cz', NULL),
(32, 'test', '123123123', 'ondrej.tuma.mediafactory@gmail.com', NULL),
(33, 'test', '732524691', 'ondrej.tuma.mediafactory@gmail.com', NULL),
(34, 'vvv', '333333333', 'tumovi@centrum.cz', NULL),
(35, 'Jakub Kašpar', '000000000', 'tumovi@centrum.cz', NULL),
(36, 'Jeník Kabelka', '000000000', 'tumovi@centrum.cz', NULL),
(37, 'lama su', '123123123', 'ondr@centrum.cz', NULL),
(38, 'Václav Martínek', '000000000', 'vaclav.martinek21@gmail.com', NULL),
(39, 'Verča Kašparová', '000000000', 'tumovi@centrum.cz', NULL),
(40, 'Jeník Kabelka', '608212187', 'triby@seznam.cz', NULL),
(41, 'Jan Vlasatý', '603935533', 'jan.vlasaty@hotmail.com', NULL),
(42, 'Martin Triebenekl', '608212187', 'triby@seznam.cz', NULL),
(43, 'Tuesday melody', '604222906', 'tuesdaymelod@gmail.com', NULL),
(44, 'Tuesday melody', '604222906', 'zkusebna.kobylisy@centrum.cz', NULL),
(45, 'Michal Malik', '774281542', 'miso.malik@gmail.com', NULL),
(46, 'Kuba Kašpar', '604222906', 'tuesdaymelod@gmail.com', NULL),
(47, 'Vašek Tůma ', '724542326', 'tumovi@centrum.cz', NULL),
(48, 'Jeník Kabelka', '773283888', 'jenikuv@gmail.com', NULL),
(49, 'Filip Musil', '602275571', 'filip.public@gmail.com', NULL),
(50, 'Lama', '123456789', 'ondr@centrum.cz', NULL),
(51, 'Jeník Kabelka', '773693888', 'jenikuv@gmail.com', NULL),
(52, 'Ondra', '123456789', 'ondr@centrum.cz', NULL),
(53, 'Martin Hobza', '736523604', 'martin.hobza@gmail.com', NULL),
(54, 'Kuba Kašpar ', '604 222 906', 'kuba.kaspar1@gmail.com', NULL),
(55, 'Chala Papučiková', '723351214', 'malhocka.lucie@gmail.com', NULL),
(56, 'Kuba Kašpar', '604222906', 'kuba.kaspar1@gmail.com', NULL),
(57, 'Honza Kubín', '605164039', 'jan.kubin1@seznam.cz', NULL),
(58, 'Jan Matějovský', '737867687', 'jan@matejovsky.com', NULL),
(59, 'Jan Vlasatý', '603935533', 'jan.vlasat@hotmail.com', NULL),
(60, 'Snape', '123456789', 'ondr@centrum.cz', NULL),
(61, 'Štěpán Wenke', '724855897', 'kuba.kaspar1@gmail.com', NULL),
(62, 'Jan Kubín', '605164039', 'jan.kubin1@seznam.cz', NULL),
(63, 'Lukáš Matys', '731625962', 'lukas.matys@gmail.com', NULL),
(64, 'Markéta Růžičková', '777 970 812', 'marketa.ruzickova@nuv.cz', NULL),
(65, 'Jakub Kašpar', '604222906', 'kuba.kaspar1@gmail.com', NULL),
(66, 'Markéta Růžičková', '777970812', 'marketa.ruzickova@nuv.cz', NULL),
(67, 'Pavel Andrle', '737586245', 'andrle.pavel@centrum.cz', NULL),
(68, 'Markéta Ruzickova', '777970812', 'marketa.ruzickova@nuv.cz', NULL),
(69, 'Mihalcová Stanislava', '776294109', 'stanislava.mihalcova@gmail.com', NULL),
(70, 'Petr Pavlíček', '732 524 684', 'petr.pav@seznam.cz', NULL),
(71, 'Stanislava Mihalcová', '776294109', 'stanislava.mihalcova@gmail.com', NULL),
(72, 'Malície Ondrová', '123123123', 'ondr@centrum.cz', NULL),
(73, 'Šárka Kletečková', '737417005', 'Sarka.em09@seznam.cz', NULL),
(74, 'Markéta Ruzickova', '777 970 812', 'marketa.ruzickova@nuv.cz', NULL),
(75, 'Štěpán Čapla', '720313567', 'stepancapla@seznam.cz', NULL),
(76, 'Kuba Kašpar', '734111641', 'kuba.kaspar1@gmail.com', NULL);

--
-- Klíče pro exportované tabulky
--

--
-- Klíče pro tabulku `action`
--
ALTER TABLE `action`
  ADD PRIMARY KEY (`id`),
  ADD KEY `user` (`user_id`);

--
-- Klíče pro tabulku `admin`
--
ALTER TABLE `admin`
  ADD PRIMARY KEY (`id`);

--
-- Klíče pro tabulku `category`
--
ALTER TABLE `category`
  ADD PRIMARY KEY (`id`),
  ADD KEY `parent` (`category_id`);

--
-- Klíče pro tabulku `discount`
--
ALTER TABLE `discount`
  ADD PRIMARY KEY (`id`);

--
-- Klíče pro tabulku `image`
--
ALTER TABLE `image`
  ADD PRIMARY KEY (`id`);

--
-- Klíče pro tabulku `item`
--
ALTER TABLE `item`
  ADD PRIMARY KEY (`id`),
  ADD KEY `image` (`image_id`),
  ADD KEY `category` (`category_id`);

--
-- Klíče pro tabulku `reservation`
--
ALTER TABLE `reservation`
  ADD PRIMARY KEY (`id`),
  ADD KEY `discount` (`discount_id`),
  ADD KEY `owner` (`user_id`);

--
-- Klíče pro tabulku `reservation_item`
--
ALTER TABLE `reservation_item`
  ADD PRIMARY KEY (`id`),
  ADD KEY `item` (`item_id`),
  ADD KEY `reservation` (`reservation_id`);

--
-- Klíče pro tabulku `user`
--
ALTER TABLE `user`
  ADD PRIMARY KEY (`id`),
  ADD KEY `admin` (`admin_id`);

--
-- AUTO_INCREMENT pro tabulky
--

--
-- AUTO_INCREMENT pro tabulku `action`
--
ALTER TABLE `action`
  MODIFY `id` int(11) NOT NULL AUTO_INCREMENT;
--
-- AUTO_INCREMENT pro tabulku `admin`
--
ALTER TABLE `admin`
  MODIFY `id` smallint(6) NOT NULL AUTO_INCREMENT, AUTO_INCREMENT=2;
--
-- AUTO_INCREMENT pro tabulku `category`
--
ALTER TABLE `category`
  MODIFY `id` smallint(6) NOT NULL AUTO_INCREMENT, AUTO_INCREMENT=9;
--
-- AUTO_INCREMENT pro tabulku `discount`
--
ALTER TABLE `discount`
  MODIFY `id` smallint(6) NOT NULL AUTO_INCREMENT, AUTO_INCREMENT=16;
--
-- AUTO_INCREMENT pro tabulku `image`
--
ALTER TABLE `image`
  MODIFY `id` int(11) NOT NULL AUTO_INCREMENT;
--
-- AUTO_INCREMENT pro tabulku `item`
--
ALTER TABLE `item`
  MODIFY `id` smallint(6) NOT NULL AUTO_INCREMENT, AUTO_INCREMENT=118;
--
-- AUTO_INCREMENT pro tabulku `reservation`
--
ALTER TABLE `reservation`
  MODIFY `id` int(11) NOT NULL AUTO_INCREMENT, AUTO_INCREMENT=287;
--
-- AUTO_INCREMENT pro tabulku `reservation_item`
--
ALTER TABLE `reservation_item`
  MODIFY `id` int(11) NOT NULL AUTO_INCREMENT, AUTO_INCREMENT=6371;
--
-- AUTO_INCREMENT pro tabulku `user`
--
ALTER TABLE `user`
  MODIFY `id` smallint(6) NOT NULL AUTO_INCREMENT, AUTO_INCREMENT=77;
--
-- Omezení pro exportované tabulky
--

--
-- Omezení pro tabulku `action`
--
ALTER TABLE `action`
  ADD CONSTRAINT `action_ibfk_1` FOREIGN KEY (`user_id`) REFERENCES `user` (`id`);

--
-- Omezení pro tabulku `category`
--
ALTER TABLE `category`
  ADD CONSTRAINT `category_ibfk_1` FOREIGN KEY (`category_id`) REFERENCES `category` (`id`);

--
-- Omezení pro tabulku `item`
--
ALTER TABLE `item`
  ADD CONSTRAINT `item_ibfk_1` FOREIGN KEY (`image_id`) REFERENCES `image` (`id`),
  ADD CONSTRAINT `item_ibfk_2` FOREIGN KEY (`category_id`) REFERENCES `category` (`id`);

--
-- Omezení pro tabulku `reservation`
--
ALTER TABLE `reservation`
  ADD CONSTRAINT `reservation_ibfk_1` FOREIGN KEY (`discount_id`) REFERENCES `discount` (`id`),
  ADD CONSTRAINT `reservation_ibfk_2` FOREIGN KEY (`user_id`) REFERENCES `user` (`id`);

--
-- Omezení pro tabulku `reservation_item`
--
ALTER TABLE `reservation_item`
  ADD CONSTRAINT `reservation_item_ibfk_1` FOREIGN KEY (`item_id`) REFERENCES `item` (`id`),
  ADD CONSTRAINT `reservation_item_ibfk_2` FOREIGN KEY (`reservation_id`) REFERENCES `reservation` (`id`);

--
-- Omezení pro tabulku `user`
--
ALTER TABLE `user`
  ADD CONSTRAINT `user_ibfk_1` FOREIGN KEY (`admin_id`) REFERENCES `admin` (`id`);

/*!40101 SET CHARACTER_SET_CLIENT=@OLD_CHARACTER_SET_CLIENT */;
/*!40101 SET CHARACTER_SET_RESULTS=@OLD_CHARACTER_SET_RESULTS */;
/*!40101 SET COLLATION_CONNECTION=@OLD_COLLATION_CONNECTION */;
